"","Kingdom","Phylum","Class","Order","Family","Genus","Commercial_R1","Commercial_R2","Commercial_R3","Control_extraction","Control_fermentation","Lactobacillus_H24_R1","Lactobacillus_H24_R2","Lactobacillus_H24_R3","Lactobacillus_H48_R1","Lactobacillus_H48_R2","Lactobacillus_H48_R3","Lactobacillus_W1_R1","Lactobacillus_W1_R2","Lactobacillus_W1_R3","Lactobacillus_W2_R1","Lactobacillus_W2_R2","Lactobacillus_W2_R3","Spontaneous_H24_R1","Spontaneous_H24_R2","Spontaneous_H24_R3","Spontaneous_H48_R1","Spontaneous_H48_R2","Spontaneous_H48_R3","Spontaneous_W1_R1","Spontaneous_W1_R2","Spontaneous_W1_R3","Spontaneous_W2_R1","Spontaneous_W2_R2","Spontaneous_W2_R3"
"ASV1","Bacteria","Firmicutes","Bacilli","Lactobacillales","Lactobacillaceae","Lactobacillus",167,100586,660,58,0,84844,126194,89195,81847,126544,118647,96754,110291,57325,125043,117618,107480,115,11,42,66,9,0,33963,12496,1226,2671,7799,60881
"ASV2","Bacteria","Firmicutes","Bacilli","Lactobacillales","Lactobacillaceae","Lactobacillus",55,66759,248,36,0,52972,79905,52984,53006,82860,77753,64632,75192,38718,85568,79421,74353,63,0,0,59,0,0,0,0,0,1804,5062,0
"ASV3","Bacteria","Firmicutes","Bacilli","Lactobacillales","Streptococcaceae","Lactococcus",133,89,125,0,64,0,0,0,9,13,0,15,119,0,0,4,0,41135,1287,7,0,34071,40964,30377,56971,40829,1458,0,35972
"ASV4","Bacteria","Firmicutes","Bacilli","Staphylococcales","Staphylococcaceae","Staphylococcus",0,368,0,0,0,5647,2412,564,1731,5404,2507,647,612,560,972,1825,8052,2963,44555,53371,5826,4546,684,148,405,586,1521,104,1592
"ASV5","Bacteria","Firmicutes","Bacilli","Lactobacillales","Leuconostocaceae","Leuconostoc",0,0,0,0,0,194,0,0,0,0,35,526,0,0,0,0,0,11177,80,371,101932,8021,307,2215,0,75,503,0,8941
"ASV6","Bacteria","Proteobacteria","Gammaproteobacteria","Enterobacterales","Enterobacteriaceae","Enterobacter",0,1143,60,0,140,348,96,31,1595,70,657,2026,2192,444,329,322,4678,2200,1961,3801,11890,7933,22043,6854,11545,11842,22663,8658,5314
"ASV7","Bacteria","Firmicutes","Bacilli","Lactobacillales","Enterococcaceae","Enterococcus",0,252,95,0,0,0,0,0,0,0,0,0,0,0,43,0,0,5869,10470,6184,3189,21153,17057,9046,3236,13162,10309,10699,5152
"ASV8","Bacteria","Proteobacteria","Gammaproteobacteria","Enterobacterales","Enterobacteriaceae","Enterobacter",0,280,132,0,0,2815,132,21,1003,105,342,1108,545,685,206,593,446,7363,5870,6974,15678,6173,11361,3425,7055,7480,7845,9976,10430
"ASV9","Bacteria","Firmicutes","Bacilli","Lactobacillales","Leuconostocaceae","Weissella",0,185,0,0,0,0,0,0,0,0,0,0,0,6,0,5,0,3337,3790,35480,0,20632,0,13567,621,0,8461,0,17746
"ASV10","Bacteria","Firmicutes","Bacilli","Lactobacillales","Lactobacillaceae","Pediococcus",0,297,81,0,0,0,0,0,0,0,0,0,0,0,0,0,0,0,0,28,0,306,1206,580,0,36828,39534,0,42
"ASV11","Bacteria","Firmicutes","Bacilli","Lactobacillales","Leuconostocaceae","Leuconostoc",0,222,87,0,0,473,0,0,0,0,0,295,32,0,0,0,11,54,3403,0,0,878,13619,8383,0,547,22848,0,1189
"ASV12","Bacteria","Proteobacteria","Gammaproteobacteria","Enterobacterales","Enterobacteriaceae","Enterobacter",0,117,0,0,0,1039,0,0,4694,28,0,1533,44,93,67,16,193,1311,1233,3184,1564,2680,1079,4760,12307,1793,3276,4484,6488
"ASV13","Bacteria","Firmicutes","Bacilli","Staphylococcales","Staphylococcaceae","Staphylococcus",0,16,131,0,0,3081,91,313,2123,38,94,184,320,19,369,144,238,13780,16730,2664,0,4053,1301,306,174,147,1595,253,1043
"ASV14","Bacteria","Proteobacteria","Gammaproteobacteria","Enterobacterales","Enterobacteriaceae",NA,0,108,123,0,0,1295,23,0,2782,0,18,434,397,83,0,45,143,1458,497,1018,1041,9870,735,2010,5351,1276,6971,2133,8064
"ASV15","Bacteria","Proteobacteria","Gammaproteobacteria","Enterobacterales","Enterobacteriaceae","Enterobacter",0,160,0,0,14,914,57,0,526,49,140,1276,1394,1229,68,157,542,522,1217,3897,10608,1537,2169,1721,2905,1803,5067,1415,2161
"ASV16","Bacteria","Firmicutes","Bacilli","Lactobacillales","Enterococcaceae","Enterococcus",0,191,0,0,0,18,0,0,39,0,0,32,36,0,0,0,301,3910,3048,3062,13954,962,6850,412,292,504,1089,1876,1996
"ASV17","Bacteria","Proteobacteria","Gammaproteobacteria","Pseudomonadales","Pseudomonadaceae","Pseudomonas",0,185,0,0,0,1844,297,125,2980,0,0,1258,1481,140,22,0,960,3258,144,22,0,5086,2030,1795,476,4155,1938,4205,2537
"ASV18","Bacteria","Proteobacteria","Gammaproteobacteria","Enterobacterales","Erwiniaceae","Pantoea",0,77,61,0,0,1500,1245,0,922,273,365,657,960,520,114,1786,669,6017,9089,1877,5234,431,451,121,321,166,760,235,511
"ASV19","Bacteria","Proteobacteria","Gammaproteobacteria","Enterobacterales","Enterobacteriaceae",NA,0,70,0,0,0,288,0,62,311,0,122,811,2032,702,99,72,435,331,273,2462,10513,1195,1052,1645,1993,848,3547,511,1309
"ASV21","Bacteria","Proteobacteria","Gammaproteobacteria","Enterobacterales","Enterobacteriaceae",NA,0,58,0,0,0,0,0,0,242,0,0,94,559,0,0,0,167,1274,237,0,0,2485,16944,537,770,882,230,2405,1951
"ASV22","Bacteria","Proteobacteria","Gammaproteobacteria","Enterobacterales","Enterobacteriaceae","Enterobacter",0,49,0,0,0,0,0,0,67,0,0,388,558,0,0,0,125,262,83,0,0,13359,2920,949,1278,4590,312,1677,500
"ASV23","Bacteria","Proteobacteria","Gammaproteobacteria","Enterobacterales","Enterobacteriaceae",NA,0,77,0,0,0,584,0,20,2468,28,0,842,0,0,0,0,218,678,574,1673,178,2456,595,2443,5976,1034,2714,2038,2219
"ASV24","Bacteria","Firmicutes","Bacilli","Lactobacillales","Leuconostocaceae","Leuconostoc",0,0,0,0,0,0,0,0,0,0,0,0,47,0,0,0,0,0,0,0,0,100,22,1291,24306,0,119,0,0
"ASV25","Bacteria","Proteobacteria","Gammaproteobacteria","Enterobacterales","Enterobacteriaceae","Klebsiella",0,60,0,0,0,87,0,0,92,0,133,32,0,44,0,65,0,408,674,1056,3712,1055,4288,639,1606,2337,4520,1658,1330
"ASV26","Bacteria","Firmicutes","Bacilli","Lactobacillales","Lactobacillaceae","Lactobacillus",0,325,67,0,0,0,0,0,0,0,0,0,0,0,0,0,0,0,0,0,0,0,0,0,0,0,0,21974,0
"ASV27","Bacteria","Proteobacteria","Gammaproteobacteria","Enterobacterales","Enterobacteriaceae","Klebsiella",0,44,0,0,0,151,0,0,204,0,0,1415,114,0,38,0,57,193,965,380,0,1872,1280,1898,966,2953,1646,3192,1168
"ASV28","Bacteria","Firmicutes","Bacilli","Exiguobacterales","Exiguobacteraceae","Exiguobacterium",0,0,0,0,154,990,19,0,387,0,0,32,204,0,0,0,158,5116,8171,1311,0,411,271,88,149,0,84,0,222
"ASV29","Bacteria","Proteobacteria","Gammaproteobacteria","Pseudomonadales","Pseudomonadaceae","Pseudomonas",0,0,0,0,60,424,0,0,1040,0,0,967,367,0,0,0,163,1612,0,0,0,1726,1595,904,219,3695,1235,2892,411
"ASV30","Bacteria","Firmicutes","Bacilli","Lactobacillales","Lactobacillaceae","Lactobacillus",0,0,58,0,0,0,0,0,0,0,0,0,0,0,0,0,0,0,0,3089,448,0,560,125,0,907,0,11440,475
"ASV31","Bacteria","Proteobacteria","Gammaproteobacteria","Enterobacterales","Enterobacteriaceae","Enterobacter",0,0,0,0,0,0,0,0,148,0,0,63,0,0,0,0,0,713,126,0,0,1447,10065,142,490,535,124,1367,1131
"ASV32","Bacteria","Firmicutes","Bacilli","Exiguobacterales","Exiguobacteraceae","Exiguobacterium",0,0,0,0,0,248,0,38,290,0,0,0,85,16,0,6,52,3449,9300,1092,0,389,236,80,61,0,173,0,196
"ASV33","Bacteria","Proteobacteria","Gammaproteobacteria","Enterobacterales","Enterobacteriaceae","Enterobacter",0,44,92,0,0,25,0,0,41,0,122,16,18,29,0,29,0,229,190,460,904,656,3567,153,949,1550,3780,1143,573
"ASV34","Bacteria","Firmicutes","Bacilli","Exiguobacterales","Exiguobacteraceae","Exiguobacterium",0,43,0,0,211,344,0,0,214,0,0,0,84,0,56,0,111,3551,7426,1185,0,306,220,84,82,32,275,0,181
"ASV35","Bacteria","Proteobacteria","Gammaproteobacteria","Enterobacterales","Erwiniaceae","Pantoea",0,0,0,0,0,109,132,0,59,0,325,66,86,126,40,230,95,840,10302,473,0,178,0,28,0,62,53,33,234
"ASV36","Bacteria","Firmicutes","Bacilli","Lactobacillales","Enterococcaceae","Enterococcus",0,0,0,50,0,0,0,0,0,0,0,0,0,0,0,0,0,150,215,9187,21,509,1039,24,56,351,278,905,450
"ASV37","Bacteria","Proteobacteria","Gammaproteobacteria","Enterobacterales","Erwiniaceae","Pantoea",0,0,0,0,140,581,30,24,902,25,66,108,1392,0,89,42,210,4546,725,373,975,391,214,229,350,237,504,195,627
"ASV38","Bacteria","Firmicutes","Bacilli","Lactobacillales","Lactobacillaceae","Pediococcus",0,90,0,0,0,0,0,0,0,0,0,0,0,0,0,0,0,0,0,0,0,0,0,72,0,0,12718,0,0
"ASV39","Bacteria","Proteobacteria","Gammaproteobacteria","Pseudomonadales","Pseudomonadaceae","Pseudomonas",0,0,0,0,0,985,57,64,2293,0,0,92,133,159,0,3,323,3384,0,0,0,687,1126,140,575,1905,206,125,274
"ASV40","Bacteria","Proteobacteria","Gammaproteobacteria","Enterobacterales","Enterobacteriaceae","Kosakonia",0,67,36,0,0,33,0,0,218,0,51,147,5035,101,251,58,656,49,107,38,21,1387,463,1691,160,736,0,338,107
"ASV41","Bacteria","Proteobacteria","Gammaproteobacteria","Enterobacterales","Enterobacteriaceae","Enterobacter",0,0,0,0,0,0,0,0,0,0,0,0,29,0,0,0,0,2063,333,579,1160,2010,421,655,712,1389,398,1295,443
"ASV42","Bacteria","Proteobacteria","Gammaproteobacteria","Enterobacterales","Erwiniaceae","Pantoea",0,0,0,0,0,646,257,23,439,40,183,142,436,119,0,946,174,1378,4531,531,703,140,79,55,119,37,173,0,134
"ASV43","Bacteria","Proteobacteria","Gammaproteobacteria","Enterobacterales","Enterobacteriaceae","Enterobacter",0,0,0,0,0,880,0,0,22,0,34,134,41,134,0,54,0,246,1673,220,1094,237,1200,301,484,538,582,1875,1318
"ASV44","Bacteria","Proteobacteria","Gammaproteobacteria","Pseudomonadales","Pseudomonadaceae","Pseudomonas",0,101,0,0,0,624,29,38,1874,11,0,125,193,106,0,0,1006,2918,35,10,0,584,793,128,478,1166,219,126,224
"ASV45","Bacteria","Proteobacteria","Gammaproteobacteria","Enterobacterales","Enterobacteriaceae",NA,0,43,0,0,0,297,18,0,136,0,66,243,727,0,0,0,373,286,78,402,2024,993,366,823,1165,416,658,272,1011
"ASV46","Bacteria","Proteobacteria","Gammaproteobacteria","Enterobacterales","Enterobacteriaceae","Citrobacter",0,0,0,0,0,0,0,0,65,0,0,0,0,0,0,0,0,157,49,132,81,983,3550,1749,1208,1094,58,241,715
"ASV47","Bacteria","Proteobacteria","Gammaproteobacteria","Enterobacterales","Erwiniaceae","Erwinia",0,49,0,0,0,2442,141,0,46,734,208,33,359,148,16,726,344,2002,1043,454,725,58,0,11,41,22,0,0,194
"ASV48","Bacteria","Firmicutes","Bacilli","Lactobacillales","Lactobacillaceae","Lactobacillus",0,0,0,0,0,0,0,0,0,0,0,0,0,0,0,0,0,0,0,0,0,0,0,0,0,0,0,0,9081
"ASV49","Bacteria","Firmicutes","Bacilli","Lactobacillales","Streptococcaceae","Lactococcus",0,0,0,0,0,0,0,0,0,0,0,0,0,0,0,0,0,996,0,1498,0,3331,0,712,1594,50,0,0,668
"ASV50","Bacteria","Proteobacteria","Gammaproteobacteria","Enterobacterales","Enterobacteriaceae","Klebsiella",0,0,59,0,0,38,0,0,107,0,0,93,0,0,0,0,71,333,75,23,0,844,363,429,361,5319,103,0,237
"ASV51","Bacteria","Firmicutes","Bacilli","Lactobacillales","Lactobacillaceae","Lactobacillus",0,380,0,0,0,435,666,371,366,590,564,571,640,443,1020,709,775,0,0,0,0,0,0,113,45,0,14,37,173
"ASV52","Bacteria","Proteobacteria","Gammaproteobacteria","Enterobacterales","Enterobacteriaceae","Enterobacter",0,14,0,0,0,47,0,0,0,20,0,110,729,33,0,0,142,183,165,95,3108,70,324,1157,82,549,344,59,594
"ASV53","Bacteria","Proteobacteria","Gammaproteobacteria","Enterobacterales","Enterobacteriaceae","Klebsiella",0,0,0,0,0,164,0,0,0,0,0,229,0,0,0,0,0,148,451,0,0,790,463,1024,535,860,915,1227,567
"ASV54","Bacteria","Firmicutes","Bacilli","Staphylococcales","Staphylococcaceae","Staphylococcus",0,0,0,0,0,0,0,0,0,424,184,0,0,0,0,0,566,0,2876,2838,475,0,0,0,0,0,0,0,0
"ASV55","Bacteria","Proteobacteria","Gammaproteobacteria","Enterobacterales","Enterobacteriaceae","Klebsiella",0,0,0,0,46,128,0,0,55,0,0,311,50,0,0,0,0,83,708,54,0,683,569,396,505,858,590,1788,426
"ASV56","Bacteria","Proteobacteria","Gammaproteobacteria","Enterobacterales","Enterobacteriaceae","Cronobacter",0,590,0,0,0,0,0,0,0,0,0,529,1525,0,0,0,3271,0,152,0,0,0,631,120,0,151,0,0,0
"ASV57","Bacteria","Proteobacteria","Gammaproteobacteria","Enterobacterales","Enterobacteriaceae","Citrobacter",0,0,0,0,0,0,0,0,54,0,0,0,0,0,0,0,0,197,64,44,62,897,113,2030,1285,1063,58,255,581
"ASV58","Bacteria","Firmicutes","Bacilli","Lactobacillales","Lactobacillaceae","Lactobacillus",0,0,0,0,0,0,0,0,0,0,0,0,0,0,0,0,0,0,0,0,0,0,0,6684,0,0,0,0,0
"ASV59","Bacteria","Proteobacteria","Gammaproteobacteria","Enterobacterales","Yersiniaceae","Serratia",0,0,0,0,0,54,0,0,6071,26,0,0,0,0,0,0,0,149,28,0,0,0,0,67,270,0,0,0,0
"ASV60","Bacteria","Proteobacteria","Gammaproteobacteria","Enterobacterales","Enterobacteriaceae",NA,0,5,0,0,0,149,0,0,33,28,0,9,56,0,0,22,19,229,38,30,0,453,3642,127,304,231,97,685,449
"ASV61","Bacteria","Actinobacteriota","Actinobacteria","Corynebacteriales","Nocardiaceae","Rhodococcus",0,0,0,0,6042,7,21,9,0,16,11,9,0,7,5,5,0,42,21,70,9,4,0,0,0,0,0,0,0
"ASV62","Bacteria","Firmicutes","Bacilli","Lactobacillales","Lactobacillaceae","Lactobacillus",0,85,0,0,0,0,0,0,0,0,0,0,0,0,0,0,0,0,0,0,0,0,0,0,0,0,0,6157,0
"ASV63","Bacteria","Firmicutes","Bacilli","Bacillales","Bacillaceae","Bacillus",0,36,0,0,0,156,0,0,0,0,0,156,0,0,0,415,163,346,126,90,0,44,381,0,0,1210,0,2917,0
"ASV64","Bacteria","Proteobacteria","Gammaproteobacteria","Pseudomonadales","Pseudomonadaceae","Pseudomonas",0,0,0,0,0,161,0,0,0,0,0,138,0,0,0,0,0,225,0,0,0,0,149,0,0,4847,104,260,0
"ASV65","Bacteria","Proteobacteria","Gammaproteobacteria","Enterobacterales","Enterobacteriaceae","Kosakonia",0,0,0,0,0,40,0,0,179,0,119,118,736,103,40,0,90,95,74,90,0,1635,67,437,302,560,0,438,93
"ASV66","Bacteria","Proteobacteria","Gammaproteobacteria","Enterobacterales","Enterobacteriaceae",NA,0,0,0,0,0,121,0,0,78,0,0,308,1215,0,26,0,126,692,85,66,0,110,145,313,1236,182,0,25,411
"ASV68","Bacteria","Proteobacteria","Gammaproteobacteria","Enterobacterales","Enterobacteriaceae",NA,0,0,0,0,0,69,0,0,118,0,0,257,117,0,0,0,0,67,144,0,0,121,1633,195,1135,266,265,494,212
"ASV69","Bacteria","Firmicutes","Bacilli","Lactobacillales","Lactobacillaceae","Lactobacillus",0,0,0,0,0,0,0,0,0,0,0,0,0,0,0,0,0,0,0,972,113,0,167,0,0,281,0,3138,187
"ASV70","Bacteria","Firmicutes","Bacilli","Bacillales","Bacillaceae","Bacillus",0,12,0,0,0,190,13,0,11,0,0,0,0,0,76,0,0,1961,889,0,0,369,376,258,233,117,26,15,47
"ASV71","Bacteria","Proteobacteria","Gammaproteobacteria","Enterobacterales","Enterobacteriaceae","Klebsiella",0,19,0,0,0,57,0,0,40,0,0,0,36,0,0,19,0,15,641,28,0,348,521,142,250,401,371,1501,183
"ASV72","Bacteria","Proteobacteria","Gammaproteobacteria","Enterobacterales","Enterobacteriaceae",NA,0,0,79,0,0,0,0,0,41,0,0,0,0,0,0,0,0,91,28,53,35,337,1232,807,511,492,146,323,330
"ASV73","Bacteria","Firmicutes","Bacilli","Lactobacillales","Lactobacillaceae","Lactobacillus",0,0,80,0,0,0,0,0,0,0,0,0,0,0,0,0,0,0,0,670,113,0,122,0,0,174,0,2941,114
"ASV74","Bacteria","Firmicutes","Bacilli","Lactobacillales","Leuconostocaceae","Weissella",0,0,0,0,0,0,0,0,0,0,0,0,0,0,0,0,0,0,0,3269,0,0,0,0,0,0,878,0,0
"ASV75","Bacteria","Proteobacteria","Gammaproteobacteria","Pseudomonadales","Moraxellaceae","Acinetobacter",0,0,0,0,0,1001,103,57,84,0,0,0,0,0,0,0,0,1794,76,8,0,85,33,442,84,48,0,0,108
"ASV76","Bacteria","Proteobacteria","Gammaproteobacteria","Pseudomonadales","Moraxellaceae","Acinetobacter",0,0,0,0,46,636,41,0,129,0,0,29,68,0,81,12,0,785,282,0,0,179,266,224,137,282,203,367,37
"ASV77","Bacteria","Firmicutes","Bacilli","Lactobacillales","Lactobacillaceae","Pediococcus",0,0,0,0,0,0,0,0,0,0,0,0,0,0,0,0,0,0,0,0,0,0,0,0,309,0,0,3310,0
"ASV78","Bacteria","Proteobacteria","Gammaproteobacteria","Enterobacterales","Enterobacteriaceae","Lelliottia",0,0,0,0,90,69,0,0,0,0,0,190,1575,0,37,0,100,90,0,0,0,96,0,319,160,132,0,42,702
"ASV79","Bacteria","Proteobacteria","Gammaproteobacteria","Enterobacterales","Yersiniaceae","Serratia",0,0,0,0,0,53,0,0,0,0,0,0,0,0,0,0,33,147,0,25,6,0,0,0,159,2964,0,0,57
"ASV80","Bacteria","Proteobacteria","Gammaproteobacteria","Pseudomonadales","Moraxellaceae","Acinetobacter",0,10,0,0,156,961,0,0,188,0,0,79,223,0,0,0,0,792,109,0,0,0,83,320,306,133,56,9,0
"ASV81","Bacteria","Bacteroidota","Bacteroidia","Flavobacteriales","Weeksellaceae","Empedobacter",0,0,0,0,0,23,3,0,27,0,0,347,83,0,0,0,0,40,0,0,0,0,24,145,1280,158,14,1165,6
"ASV82","Bacteria","Proteobacteria","Gammaproteobacteria","Xanthomonadales","Xanthomonadaceae","Stenotrophomonas",0,0,0,0,0,27,0,0,47,0,0,58,193,25,0,0,0,0,0,13,0,39,77,103,140,175,1497,612,68
"ASV83","Bacteria","Firmicutes","Bacilli","Staphylococcales","Staphylococcaceae","Staphylococcus",146,78,204,0,51,72,18,0,0,67,82,71,0,60,55,69,18,534,176,309,454,353,59,46,98,52,0,0,0
"ASV84","Bacteria","Proteobacteria","Gammaproteobacteria","Pseudomonadales","Moraxellaceae","Acinetobacter",0,0,0,0,0,770,61,40,156,0,0,39,29,0,0,0,0,559,229,0,0,70,273,79,86,107,314,65,40
"ASV85","Bacteria","Firmicutes","Bacilli","Lactobacillales","Lactobacillaceae","Lactobacillus",0,0,0,0,0,0,0,0,0,0,0,0,0,0,0,0,0,0,0,0,0,0,0,2797,0,0,0,0,0
"ASV86","Bacteria","Firmicutes","Bacilli","Lactobacillales","Lactobacillaceae","Pediococcus",0,0,0,0,0,0,0,0,0,0,0,0,0,0,0,0,0,0,0,0,0,0,0,0,201,123,0,2463,0
"ASV87","Bacteria","Firmicutes","Bacilli","Bacillales","Bacillaceae","Bacillus",641,0,43,0,77,0,27,0,20,0,30,0,0,0,0,0,44,0,942,138,22,106,324,0,0,0,207,0,99
"ASV88","Bacteria","Proteobacteria","Gammaproteobacteria","Enterobacterales","Morganellaceae","Providencia",0,0,0,0,0,0,0,0,0,0,0,7,0,0,0,0,0,14,0,0,0,0,0,0,0,2626,0,53,18
"ASV89","Bacteria","Proteobacteria","Gammaproteobacteria","Enterobacterales","Enterobacteriaceae","Citrobacter",0,0,0,0,0,0,0,0,25,0,0,0,0,0,0,0,0,64,22,53,23,354,0,814,474,355,86,181,210
"ASV90","Bacteria","Firmicutes","Bacilli","Lactobacillales","Lactobacillaceae","Lactobacillus",0,0,0,0,0,0,0,0,0,0,0,0,0,0,0,0,0,0,0,0,0,0,0,0,0,0,0,0,2661
"ASV91","Bacteria","Firmicutes","Bacilli","Lactobacillales","Lactobacillaceae","Lactobacillus",0,0,0,0,0,0,0,0,0,0,0,0,0,0,0,0,0,0,0,0,0,0,0,0,0,2453,0,0,92
"ASV92","Bacteria","Firmicutes","Bacilli","Bacillales","Bacillaceae","Bacillus",0,0,0,0,0,369,16,26,169,67,574,0,38,60,107,119,0,169,0,135,139,50,130,0,0,0,145,0,115
"ASV93","Bacteria","Firmicutes","Bacilli","Lactobacillales","Lactobacillaceae","Lactobacillus",0,160,0,0,0,177,191,143,161,231,178,160,164,93,196,242,163,0,0,0,0,0,0,0,0,0,0,0,128
"ASV94","Bacteria","Proteobacteria","Gammaproteobacteria","Enterobacterales","Enterobacteriaceae","Enterobacter",0,0,0,0,0,0,0,0,15,0,0,28,784,0,0,0,54,208,41,0,0,49,55,84,725,107,0,0,99
"ASV95","Bacteria","Proteobacteria","Gammaproteobacteria","Enterobacterales","Yersiniaceae","Serratia",0,0,0,0,0,105,0,0,95,0,0,62,54,0,0,0,0,104,29,0,0,118,0,51,98,1288,0,156,49
"ASV96","Bacteria","Proteobacteria","Gammaproteobacteria","Enterobacterales","Enterobacteriaceae",NA,137,30,0,0,45,115,0,0,36,0,0,0,88,0,0,0,0,136,58,32,11,145,269,176,365,246,86,113,111
"ASV97","Bacteria","Firmicutes","Bacilli","Lactobacillales","Streptococcaceae","Lactococcus",0,0,0,0,0,0,0,0,0,0,0,0,0,0,0,0,0,0,0,0,0,2161,0,0,0,0,0,0,0
"ASV98","Bacteria","Firmicutes","Bacilli","Lactobacillales","Lactobacillaceae","Lactobacillus",0,0,0,0,0,0,0,0,0,757,0,0,0,0,486,0,643,0,0,0,0,0,0,0,0,0,0,0,0
"ASV99","Bacteria","Proteobacteria","Gammaproteobacteria","Enterobacterales","Enterobacteriaceae","Enterobacter",0,0,0,0,0,0,0,0,0,0,0,64,81,0,0,0,0,0,70,213,1205,0,0,0,80,0,0,0,127
"ASV101","Bacteria","Proteobacteria","Alphaproteobacteria","Rhizobiales","Rhizobiaceae","Allorhizobium-Neorhizobium-Pararhizobium-Rhizobium",0,0,0,0,182,37,54,103,46,53,38,90,148,23,21,31,27,219,86,144,37,19,0,41,46,75,124,116,32
"ASV102","Bacteria","Firmicutes","Bacilli","Staphylococcales","Staphylococcaceae","Staphylococcus",0,0,0,0,0,0,0,0,0,0,0,0,0,0,0,0,0,772,960,0,0,0,0,0,0,0,0,0,0
"ASV103","Bacteria","Proteobacteria","Gammaproteobacteria","Enterobacterales","Enterobacteriaceae","Kosakonia",0,0,0,0,0,0,0,0,58,0,65,0,0,0,0,0,0,46,0,0,0,772,69,159,69,209,0,244,33
"ASV104","Bacteria","Firmicutes","Bacilli","Lactobacillales","Leuconostocaceae","Weissella",0,0,0,0,0,0,0,0,0,0,0,0,0,0,0,0,0,0,22,129,13,0,4,0,0,11,52,1472,20
"ASV105","Bacteria","Firmicutes","Bacilli","Lactobacillales","Enterococcaceae","Enterococcus",0,0,0,0,16,0,0,0,0,0,0,0,36,0,0,0,0,142,122,101,277,0,866,0,0,0,113,0,0
"ASV106","Bacteria","Firmicutes","Bacilli","Lactobacillales","Lactobacillaceae","Lactobacillus",0,273,0,0,0,230,289,0,0,0,0,0,266,0,303,273,0,0,0,0,0,0,0,0,0,0,0,0,0
"ASV107","Bacteria","Firmicutes","Bacilli","Bacillales","Bacillaceae",NA,1092,57,480,0,0,0,0,0,0,0,0,0,0,0,0,0,0,0,0,0,0,0,0,0,0,0,0,0,0
"ASV108","Bacteria","Proteobacteria","Gammaproteobacteria","Xanthomonadales","Xanthomonadaceae","Stenotrophomonas",0,0,0,0,0,16,0,0,0,0,0,55,163,0,0,0,0,0,0,0,0,0,0,58,121,198,644,331,30
"ASV109","Bacteria","Firmicutes","Bacilli","Lactobacillales","Leuconostocaceae","Weissella",0,0,0,0,0,0,0,0,0,0,0,0,0,0,0,0,0,0,0,0,0,0,0,1586,0,0,0,0,0
"ASV110","Bacteria","Firmicutes","Bacilli","Lactobacillales","Leuconostocaceae","Weissella",0,0,0,0,0,0,0,0,0,0,0,0,0,0,0,0,0,201,0,0,0,1384,0,0,0,0,0,0,0
"ASV111","Bacteria","Proteobacteria","Gammaproteobacteria","Pseudomonadales","Moraxellaceae","Acinetobacter",0,0,0,0,1569,11,0,0,0,0,0,0,0,0,0,0,0,0,0,0,0,0,0,0,0,0,0,0,0
"ASV112","Bacteria","Proteobacteria","Gammaproteobacteria","Enterobacterales","Enterobacteriaceae","Klebsiella",0,0,0,0,0,0,0,0,0,0,0,0,0,0,0,0,0,0,338,0,0,128,205,0,0,0,168,651,0
"ASV113","Bacteria","Firmicutes","Bacilli","Lactobacillales","Lactobacillaceae","Lactobacillus",0,114,0,0,0,97,121,71,114,155,132,102,116,55,134,132,120,0,0,0,0,0,0,0,0,0,0,0,0
"ASV114","Bacteria","Firmicutes","Bacilli","Lactobacillales","Enterococcaceae","Enterococcus",0,0,0,0,0,0,0,0,0,0,0,0,0,0,0,0,0,218,0,0,0,175,666,127,0,219,0,0,39
"ASV115","Bacteria","Proteobacteria","Gammaproteobacteria","Pseudomonadales","Pseudomonadaceae","Pseudomonas",0,0,0,0,0,157,0,18,63,0,0,0,0,0,10,0,0,454,138,22,0,80,62,0,104,7,40,75,148
"ASV116","Bacteria","Proteobacteria","Gammaproteobacteria","Enterobacterales","Enterobacteriaceae","Enterobacter",0,0,0,0,0,0,0,0,0,0,0,0,237,0,0,0,605,0,0,0,0,0,0,526,0,0,0,0,0
"ASV117","Bacteria","Proteobacteria","Gammaproteobacteria","Burkholderiales","Comamonadaceae","Variovorax",641,30,118,401,169,0,6,0,0,0,0,0,0,0,0,0,0,0,0,0,0,0,0,0,0,0,0,0,0
"ASV118","Bacteria","Proteobacteria","Gammaproteobacteria","Xanthomonadales","Xanthomonadaceae","Stenotrophomonas",0,11,0,0,0,0,0,0,0,0,0,0,71,0,0,0,0,0,0,0,0,0,19,56,31,68,912,154,32
"ASV119","Bacteria","Proteobacteria","Gammaproteobacteria","Enterobacterales","Enterobacteriaceae","Cronobacter",0,0,0,0,0,0,0,0,0,0,0,141,357,0,13,0,708,0,0,0,0,0,129,0,0,0,0,0,0
"ASV120","Bacteria","Proteobacteria","Gammaproteobacteria","Xanthomonadales","Xanthomonadaceae","Stenotrophomonas",0,0,0,0,0,0,0,0,74,0,0,92,214,14,0,0,0,0,0,0,0,15,0,51,134,159,149,401,33
"ASV121","Bacteria","Proteobacteria","Gammaproteobacteria","Enterobacterales","Enterobacteriaceae","Cronobacter",0,111,0,0,0,0,0,0,0,0,0,114,270,0,0,0,672,0,0,0,0,0,138,0,0,0,0,0,0
"ASV122","Bacteria","Firmicutes","Bacilli","Paenibacillales","Paenibacillaceae","Paenibacillus",732,70,405,0,0,0,0,0,0,0,0,0,0,0,0,0,0,0,0,0,0,44,0,0,0,0,31,0,0
"ASV123","Bacteria","Firmicutes","Bacilli","Bacillales","Bacillaceae","Bacillus",0,0,0,0,0,0,0,0,0,0,0,0,0,0,0,0,0,0,1162,0,0,0,0,0,0,0,28,0,21
"ASV125","Bacteria","Proteobacteria","Gammaproteobacteria","Enterobacterales","Enterobacteriaceae",NA,0,0,0,0,0,181,0,0,241,0,0,0,0,0,0,0,0,542,0,0,0,0,0,0,98,0,0,0,140
"ASV126","Bacteria","Firmicutes","Bacilli","Lactobacillales","Lactobacillaceae","Lactobacillus",0,504,0,0,0,0,250,0,0,0,0,0,447,0,0,0,0,0,0,0,0,0,0,0,0,0,0,0,0
"ASV127","Bacteria","Proteobacteria","Gammaproteobacteria","Enterobacterales","Yersiniaceae","Serratia",0,0,0,0,0,117,15,0,82,0,0,72,65,0,0,0,35,136,0,0,0,132,203,52,67,0,31,193,0
"ASV128","Bacteria","Proteobacteria","Gammaproteobacteria","Enterobacterales","Erwiniaceae","Pantoea",0,0,0,0,0,94,0,0,95,0,0,0,414,0,32,0,70,130,82,32,0,48,24,0,27,29,0,34,84
"ASV129","Bacteria","Bacteroidota","Bacteroidia","Sphingobacteriales","Sphingobacteriaceae","Sphingobacterium",0,0,0,0,0,0,0,11,14,0,0,432,306,21,0,0,0,31,0,0,0,0,0,50,73,60,0,195,0
"ASV130","Bacteria","Proteobacteria","Alphaproteobacteria","Sphingomonadales","Sphingomonadaceae","Sphingomonas",0,0,0,0,1158,0,0,0,0,0,0,0,0,0,0,0,0,0,0,0,0,0,0,0,0,0,0,0,0
"ASV131","Bacteria","Proteobacteria","Gammaproteobacteria","Pseudomonadales","Pseudomonadaceae","Pseudomonas",0,0,0,0,0,0,0,0,842,0,0,0,0,0,0,0,0,0,0,0,0,0,0,0,0,0,314,0,0
"ASV132","Bacteria","Firmicutes","Bacilli","Exiguobacterales","Exiguobacteraceae","Exiguobacterium",0,0,0,0,0,0,0,0,0,0,0,0,0,0,0,0,0,0,1136,0,0,0,0,0,0,0,0,0,0
"ASV133","Bacteria","Firmicutes","Bacilli","Bacillales","Bacillaceae","Bacillus",54,21,0,0,0,7,0,10,0,0,13,0,0,0,37,0,52,21,254,25,0,185,198,0,0,17,162,0,70
"ASV134","Bacteria","Firmicutes","Bacilli","Lactobacillales","Leuconostocaceae","Leuconostoc",0,0,0,0,0,0,0,0,0,0,0,0,0,0,0,0,0,0,1113,0,0,0,0,0,0,0,0,0,0
"ASV135","Bacteria","Proteobacteria","Gammaproteobacteria","Enterobacterales","Enterobacteriaceae","Klebsiella",0,0,55,0,3,16,0,0,18,0,0,15,22,0,0,4,15,35,32,41,81,92,109,62,123,70,147,60,100
"ASV136","Bacteria","Proteobacteria","Gammaproteobacteria","Pseudomonadales","Pseudomonadaceae","Pseudomonas",0,0,0,0,0,80,0,0,0,0,0,91,26,0,0,0,0,0,0,0,0,94,0,54,114,451,52,0,128
"ASV137","Bacteria","Firmicutes","Bacilli","Lactobacillales","Leuconostocaceae","Weissella",0,0,0,0,0,0,0,0,0,0,0,0,0,0,0,0,0,0,0,0,0,1082,0,0,0,0,0,0,0
"ASV138","Bacteria","Firmicutes","Bacilli","Lactobacillales","Leuconostocaceae","Weissella",0,0,0,0,0,0,0,0,0,0,0,0,0,0,0,0,0,0,0,0,0,1080,0,0,0,0,0,0,0
"ASV139","Bacteria","Proteobacteria","Gammaproteobacteria","Burkholderiales","Alcaligenaceae","Achromobacter",0,0,0,0,0,0,0,0,0,0,0,0,25,0,0,0,0,0,0,0,0,0,0,32,12,473,75,455,0
"ASV140","Bacteria","Proteobacteria","Gammaproteobacteria","Enterobacterales","Erwiniaceae","Pantoea",0,0,0,0,0,0,0,0,0,0,0,0,0,0,0,0,0,400,101,77,452,0,0,0,0,0,0,0,0
"ASV141","Bacteria","Proteobacteria","Gammaproteobacteria","Pseudomonadales","Moraxellaceae","Acinetobacter",0,0,0,0,0,124,0,0,152,0,0,0,0,0,0,0,0,112,0,0,0,0,0,316,272,0,0,0,0
"ASV142","Bacteria","Proteobacteria","Gammaproteobacteria","Pseudomonadales","Pseudomonadaceae","Pseudomonas",0,0,0,0,0,28,39,0,64,0,11,11,22,0,0,0,0,441,263,0,0,15,5,39,0,0,27,0,0
"ASV143","Bacteria","Actinobacteriota","Actinobacteria","Micrococcales","Micrococcaceae","Glutamicibacter",0,0,0,0,116,116,0,0,10,0,0,119,123,0,0,0,81,313,12,0,0,0,34,9,14,0,0,5,11
"ASV144","Bacteria","Actinobacteriota","Actinobacteria","Micrococcales","Microbacteriaceae","Microbacterium",0,0,0,0,0,22,78,55,27,36,51,43,94,0,0,15,28,62,123,63,0,33,0,37,78,0,41,33,22
"ASV145","Bacteria","Firmicutes","Bacilli","Staphylococcales","Staphylococcaceae","Staphylococcus",0,0,0,0,0,31,15,0,0,12,79,0,0,14,0,24,6,99,54,19,497,66,0,9,0,7,0,0,0
"ASV146","Bacteria","Proteobacteria","Gammaproteobacteria","Enterobacterales","Enterobacteriaceae","Klebsiella",0,0,0,0,0,43,0,0,0,0,0,0,0,0,0,0,0,0,81,0,0,54,90,0,118,146,76,229,82
"ASV147","Bacteria","Proteobacteria","Gammaproteobacteria","Enterobacterales","Erwiniaceae","Pantoea",0,0,0,0,0,16,0,0,46,0,0,0,28,0,0,0,123,70,0,0,0,34,0,26,0,449,0,0,93
"ASV148","Bacteria","Proteobacteria","Gammaproteobacteria","Xanthomonadales","Xanthomonadaceae","Stenotrophomonas",0,0,0,0,0,0,0,0,0,0,0,0,96,0,0,0,24,0,0,0,0,0,0,58,39,85,341,166,24
"ASV149","Bacteria","Proteobacteria","Gammaproteobacteria","Pseudomonadales","Pseudomonadaceae","Pseudomonas",0,0,0,0,0,0,0,0,82,0,0,0,0,0,0,0,0,86,0,0,0,227,241,0,0,0,193,0,0
"ASV150","Bacteria","Firmicutes","Bacilli","Lactobacillales","Leuconostocaceae","Leuconostoc",0,0,26,0,0,0,0,0,0,0,0,0,0,0,0,0,0,0,0,0,0,0,34,0,0,0,752,0,0
"ASV151","Bacteria","Proteobacteria","Gammaproteobacteria","Pseudomonadales","Pseudomonadaceae","Pseudomonas",0,0,0,0,66,0,0,0,0,0,0,0,0,0,0,0,0,0,0,0,0,0,274,0,100,372,0,0,0
"ASV152","Bacteria","Proteobacteria","Alphaproteobacteria","Rhizobiales","Rhizobiaceae","Ochrobactrum",0,0,0,0,0,8,0,0,20,0,0,84,153,0,0,0,0,21,0,0,0,0,9,29,16,109,96,266,0
"ASV153","Bacteria","Proteobacteria","Gammaproteobacteria","Enterobacterales","Enterobacteriaceae","Raoultella",0,0,0,0,0,0,0,0,0,0,0,0,0,0,0,0,0,36,0,14,0,160,157,66,98,152,50,0,76
"ASV154","Bacteria","Firmicutes","Bacilli","Bacillales","Bacillaceae","Bacillus",352,0,446,0,0,0,0,0,0,0,0,0,0,0,0,0,0,0,0,0,0,0,0,0,0,0,6,0,0
"ASV155","Bacteria","Proteobacteria","Alphaproteobacteria","Rhodobacterales","Rhodobacteraceae","Paracoccus",0,0,0,0,794,0,0,0,0,0,0,0,0,0,0,0,0,0,0,0,0,0,0,0,0,0,0,0,0
"ASV156","Bacteria","Actinobacteriota","Actinobacteria","Micrococcales","Microbacteriaceae","Microbacterium",0,0,0,0,0,41,63,33,36,26,0,0,0,46,24,43,0,191,53,92,55,0,25,19,0,30,0,0,0
"ASV157","Bacteria","Proteobacteria","Gammaproteobacteria","Pseudomonadales","Pseudomonadaceae","Pseudomonas",0,0,0,0,0,0,0,0,0,0,0,0,35,0,0,0,0,0,0,0,0,0,0,0,0,718,0,0,16
"ASV158","Bacteria","Proteobacteria","Gammaproteobacteria","Enterobacterales","Enterobacteriaceae","Raoultella",0,0,0,0,0,0,0,0,0,0,0,0,0,0,0,0,0,55,0,19,0,150,133,49,120,132,41,0,58
"ASV159","Bacteria","Firmicutes","Bacilli","Lactobacillales","Leuconostocaceae","Weissella",0,0,0,0,0,0,0,0,0,0,0,135,0,0,0,0,85,0,0,0,0,0,202,183,0,38,101,0,0
"ASV160","Bacteria","Proteobacteria","Alphaproteobacteria","Rhizobiales","Rhizobiaceae","Allorhizobium-Neorhizobium-Pararhizobium-Rhizobium",0,0,0,0,735,0,0,0,0,0,0,0,0,0,0,0,0,0,0,0,0,0,0,0,0,0,0,0,0
"ASV161","Bacteria","Firmicutes","Bacilli","Lactobacillales","Aerococcaceae","Aerococcus",72,98,20,0,61,9,0,0,0,0,0,3,13,0,7,0,259,50,42,0,0,0,86,0,0,0,0,0,0
"ASV162","Bacteria","Proteobacteria","Alphaproteobacteria","Rhizobiales","Rhizobiaceae","Allorhizobium-Neorhizobium-Pararhizobium-Rhizobium",0,0,0,0,75,0,0,11,0,0,0,44,35,0,0,0,0,14,0,0,0,0,0,43,19,65,137,271,0
"ASV163","Bacteria","Firmicutes","Bacilli","Lactobacillales","Lactobacillaceae","Lactobacillus",0,0,0,0,0,0,0,0,0,0,0,0,0,709,0,0,0,0,0,0,0,0,0,0,0,0,0,0,0
"ASV164","Bacteria","Actinobacteriota","Actinobacteria","Micrococcales","Microbacteriaceae","Curtobacterium",0,0,0,0,0,22,21,46,22,36,10,38,42,0,0,26,59,90,98,105,24,0,0,0,39,0,27,0,0
"ASV165","Bacteria","Proteobacteria","Gammaproteobacteria","Pseudomonadales","Pseudomonadaceae","Pseudomonas",0,26,0,0,198,0,0,0,0,0,0,9,158,0,0,0,125,139,0,0,0,0,0,23,0,0,0,0,0
"ASV166","Bacteria","Proteobacteria","Gammaproteobacteria","Xanthomonadales","Xanthomonadaceae","Stenotrophomonas",0,0,0,0,0,13,0,0,7,0,0,2,9,0,0,0,0,0,0,0,0,24,0,25,98,387,96,9,8
"ASV167","Bacteria","Actinobacteriota","Actinobacteria","Micrococcales","Micrococcaceae","Glutamicibacter",0,0,0,0,586,0,27,0,0,0,0,0,0,0,0,11,0,0,0,46,0,0,0,0,0,0,0,0,0
"ASV168","Bacteria","Actinobacteriota","Actinobacteria","Micrococcales","Microbacteriaceae","Curtobacterium",0,0,0,0,0,0,0,0,0,0,0,0,0,0,0,0,0,608,0,0,0,0,0,0,0,0,0,0,61
"ASV169","Bacteria","Proteobacteria","Gammaproteobacteria","Enterobacterales","Enterobacteriaceae",NA,0,0,0,0,0,0,0,0,0,0,0,0,457,0,0,0,67,0,126,0,0,0,18,0,0,0,0,0,0
"ASV170","Bacteria","Actinobacteriota","Actinobacteria","Micrococcales","Microbacteriaceae","Curtobacterium",0,0,0,0,0,39,20,0,34,20,0,18,30,0,17,0,0,179,148,43,29,18,0,23,12,0,28,8,0
"ASV171","Bacteria","Proteobacteria","Alphaproteobacteria","Rhizobiales","Rhizobiaceae","Allorhizobium-Neorhizobium-Pararhizobium-Rhizobium",0,7,0,0,296,0,0,20,0,0,0,70,30,0,0,0,0,14,15,46,0,0,0,0,21,40,31,72,0
"ASV172","Bacteria","Firmicutes","Bacilli","Paenibacillales","Paenibacillaceae","Paenibacillus",0,0,0,0,0,0,0,0,24,0,0,7,0,0,0,0,12,33,0,0,0,104,250,33,12,49,27,95,9
"ASV173","Bacteria","Bacteroidota","Bacteroidia","Flavobacteriales","Weeksellaceae","Chryseobacterium",0,0,0,0,0,0,0,0,0,0,0,96,260,0,0,0,0,0,0,0,0,0,0,80,18,16,27,139,0
"ASV174","Bacteria","Proteobacteria","Gammaproteobacteria","Pseudomonadales","Pseudomonadaceae","Pseudomonas",0,0,0,0,148,62,0,0,37,0,0,0,0,0,0,0,0,110,85,0,0,20,94,0,15,0,37,0,13
"ASV175","Bacteria","Proteobacteria","Gammaproteobacteria","Enterobacterales","Erwiniaceae","Erwinia",0,0,0,0,0,83,0,0,41,0,0,0,0,0,0,0,0,172,0,0,0,111,0,0,140,36,0,0,32
"ASV176","Bacteria","Firmicutes","Bacilli","Staphylococcales","Staphylococcaceae","Staphylococcus",0,17,0,0,0,45,0,0,0,18,0,5,29,0,14,0,48,142,61,18,0,112,76,0,0,0,8,13,0
"ASV177","Bacteria","Proteobacteria","Alphaproteobacteria","Rhizobiales","Beijerinckiaceae","Methylobacterium-Methylorubrum",0,0,0,0,512,0,13,0,0,0,0,0,0,0,0,6,0,20,0,34,8,0,0,0,0,0,0,0,0
"ASV178","Bacteria","Proteobacteria","Gammaproteobacteria","Pseudomonadales","Moraxellaceae","Acinetobacter",0,0,0,81,0,319,44,0,0,0,0,23,0,0,0,0,0,28,0,0,0,27,0,0,0,67,0,0,0
"ASV179","Bacteria","Bacteroidota","Bacteroidia","Sphingobacteriales","Sphingobacteriaceae","Sphingobacterium",0,0,0,0,0,0,5,0,0,0,0,65,216,0,0,0,0,41,0,18,0,0,0,19,59,52,32,82,0
"ASV180","Bacteria","Proteobacteria","Gammaproteobacteria","Xanthomonadales","Xanthomonadaceae","Stenotrophomonas",0,0,0,0,0,0,0,0,0,0,0,0,38,0,0,0,0,0,0,0,0,0,0,38,21,105,244,100,37
"ASV181","Bacteria","Proteobacteria","Alphaproteobacteria","Rhizobiales","Beijerinckiaceae","Methylobacterium-Methylorubrum",0,0,0,0,564,0,0,0,0,0,0,0,0,0,0,0,0,0,0,0,0,0,0,0,0,0,0,0,5
"ASV182","Bacteria","Proteobacteria","Gammaproteobacteria","Enterobacterales","Enterobacteriaceae","Enterobacter",0,0,0,0,0,0,0,0,0,0,0,0,530,0,0,0,35,0,0,0,0,0,0,0,0,0,0,0,0
"ASV183","Bacteria","Firmicutes","Bacilli","Lactobacillales","Lactobacillaceae","Lactobacillus",0,0,0,0,0,0,0,0,0,0,0,553,0,0,0,0,0,0,0,0,0,0,0,0,0,0,0,0,0
"ASV184","Bacteria","Firmicutes","Bacilli","Lactobacillales","Lactobacillaceae","Lactobacillus",0,0,0,0,0,0,542,0,0,0,0,0,0,0,0,0,0,0,0,0,0,0,0,0,0,0,0,0,0
"ASV185","Bacteria","Proteobacteria","Gammaproteobacteria","Pseudomonadales","Moraxellaceae","Acinetobacter",0,0,0,0,169,210,0,0,0,0,0,53,24,0,0,0,0,41,0,0,0,0,0,0,39,0,0,0,0
"ASV186","Bacteria","Proteobacteria","Gammaproteobacteria","Enterobacterales","Enterobacteriaceae",NA,0,0,0,0,0,18,0,0,23,0,0,5,39,0,0,0,16,72,33,0,0,34,92,116,37,27,0,0,22
"ASV187","Bacteria","Proteobacteria","Gammaproteobacteria","Enterobacterales","Enterobacteriaceae","Citrobacter",0,0,0,0,0,0,0,0,0,0,0,0,0,0,0,0,0,0,0,150,201,44,0,25,74,39,0,0,0
"ASV188","Bacteria","Proteobacteria","Gammaproteobacteria","Xanthomonadales","Xanthomonadaceae","Stenotrophomonas",0,0,0,0,0,25,0,0,27,0,0,123,73,0,0,11,12,20,0,0,0,18,0,0,17,27,115,55,0
"ASV189","Bacteria","Firmicutes","Bacilli","Exiguobacterales","Exiguobacteraceae","Exiguobacterium",0,0,0,0,26,0,0,0,0,0,0,0,11,0,0,0,0,21,420,0,0,0,0,11,0,33,0,0,0
"ASV190","Bacteria","Proteobacteria","Gammaproteobacteria","Enterobacterales","Enterobacteriaceae","Enterobacter",0,0,0,0,0,0,0,0,0,0,0,0,0,0,0,0,0,0,0,0,0,0,0,0,521,0,0,0,0
"ASV191","Bacteria","Proteobacteria","Gammaproteobacteria","Enterobacterales","Enterobacteriaceae",NA,0,0,0,0,0,0,0,0,0,0,0,0,498,0,0,0,0,0,0,0,0,0,22,0,0,0,0,0,0
"ASV192","Bacteria","Firmicutes","Bacilli","Lactobacillales","Lactobacillaceae","Lactobacillus",0,0,0,0,0,0,0,0,0,0,300,0,0,0,0,0,0,0,0,0,0,0,0,0,0,0,0,0,219
"ASV193","Bacteria","Proteobacteria","Gammaproteobacteria","Pseudomonadales","Moraxellaceae","Acinetobacter",0,72,0,0,45,0,0,0,0,0,0,0,0,0,0,0,313,9,0,0,0,0,14,22,0,36,0,0,0
"ASV194","Bacteria","Firmicutes","Clostridia","Lachnospirales","Lachnospiraceae","Anaerocolumna",495,13,0,0,0,0,0,0,0,0,0,0,0,0,0,0,0,0,0,0,0,0,0,0,0,0,0,0,0
"ASV195","Bacteria","Proteobacteria","Alphaproteobacteria","Sphingomonadales","Sphingomonadaceae","Sphingomonas",0,0,0,0,376,0,23,20,0,17,20,0,0,0,0,17,0,0,13,0,5,0,0,0,8,0,0,0,0
"ASV196","Bacteria","Proteobacteria","Gammaproteobacteria","Burkholderiales","Alcaligenaceae",NA,0,0,0,0,0,0,0,0,0,0,0,0,0,0,0,0,0,0,0,0,0,0,0,9,18,80,7,378,0
"ASV197","Bacteria","Actinobacteriota","Actinobacteria","Propionibacteriales","Nocardioidaceae","Nocardioides",0,0,0,0,453,0,9,0,0,8,5,0,0,0,0,0,0,0,0,0,12,0,0,0,0,0,0,0,0
"ASV198","Bacteria","Proteobacteria","Gammaproteobacteria","Oceanospirillales","Halomonadaceae","Halomonas",0,27,0,0,0,0,0,0,0,0,0,0,0,0,0,0,459,0,0,0,0,0,0,0,0,0,0,0,0
"ASV199","Bacteria","Firmicutes","Bacilli","Lactobacillales","Lactobacillaceae","Lactobacillus",0,0,0,0,0,0,0,483,0,0,0,0,0,0,0,0,0,0,0,0,0,0,0,0,0,0,0,0,0
"ASV200","Bacteria","Proteobacteria","Gammaproteobacteria","Pseudomonadales","Pseudomonadaceae","Pseudomonas",0,0,0,0,482,0,0,0,0,0,0,0,0,0,0,0,0,0,0,0,0,0,0,0,0,0,0,0,0
"ASV201","Bacteria","Proteobacteria","Gammaproteobacteria","Pseudomonadales","Moraxellaceae","Acinetobacter",0,0,39,0,133,137,0,0,0,0,0,0,0,0,0,0,0,0,0,0,0,0,0,0,0,0,0,0,166
"ASV202","Bacteria","Firmicutes","Bacilli","Lactobacillales","Lactobacillaceae","Lactobacillus",0,0,0,0,0,463,0,0,0,0,0,0,0,0,0,0,0,0,0,0,0,0,0,0,0,0,0,0,0
"ASV203","Bacteria","Proteobacteria","Gammaproteobacteria","Pseudomonadales","Moraxellaceae","Acinetobacter",0,0,0,0,225,69,0,0,0,0,0,0,0,0,0,0,48,14,24,0,0,17,0,13,0,0,16,27,0
"ASV204","Bacteria","Proteobacteria","Gammaproteobacteria","Enterobacterales","Erwiniaceae","Pantoea",0,0,0,0,0,20,0,0,0,0,0,0,0,0,0,0,39,29,0,0,0,0,0,0,0,364,0,0,0
"ASV205","Bacteria","Actinobacteriota","Actinobacteria","Micrococcales","Sanguibacteraceae","Sanguibacter",0,0,0,0,196,0,6,0,0,0,6,0,13,0,0,0,34,25,0,50,5,0,0,0,0,0,23,91,0
"ASV206","Bacteria","Proteobacteria","Gammaproteobacteria","Enterobacterales","Erwiniaceae",NA,0,0,0,0,0,203,0,0,63,0,0,0,0,0,0,0,0,80,50,0,0,29,0,0,0,0,20,0,0
"ASV207","Bacteria","Proteobacteria","Gammaproteobacteria","Enterobacterales","Enterobacteriaceae","Raoultella",0,0,0,0,0,0,0,0,0,0,0,0,0,0,0,0,0,0,0,0,0,108,87,38,0,116,42,0,53
"ASV208","Bacteria","Firmicutes","Bacilli","Lactobacillales","Enterococcaceae","Enterococcus",0,0,0,0,0,0,0,0,0,0,0,0,0,0,0,0,0,46,60,47,229,16,0,0,0,0,0,0,43
"ASV209","Bacteria","Firmicutes","Bacilli","Paenibacillales","Paenibacillaceae","Paenibacillus",42,0,156,0,0,0,0,0,0,0,0,0,0,0,0,0,0,0,20,0,0,20,0,0,0,26,175,0,0
"ASV210","Bacteria","Proteobacteria","Gammaproteobacteria","Enterobacterales","Enterobacteriaceae",NA,0,0,0,0,0,0,0,0,0,0,0,66,95,0,0,0,145,0,0,0,0,0,0,133,0,0,0,0,0
"ASV211","Bacteria","Proteobacteria","Gammaproteobacteria","Pseudomonadales","Moraxellaceae","Enhydrobacter",0,12,73,0,223,0,0,0,0,0,0,0,16,0,8,0,92,0,0,0,0,0,0,7,0,0,0,0,0
"ASV212","Bacteria","Proteobacteria","Gammaproteobacteria","Pseudomonadales","Moraxellaceae","Acinetobacter",0,0,0,0,430,0,0,0,0,0,0,0,0,0,0,0,0,0,0,0,0,0,0,0,0,0,0,0,0
"ASV213","Bacteria","Proteobacteria","Gammaproteobacteria","Burkholderiales","Burkholderiaceae","Ralstonia",0,8,68,172,172,0,0,0,0,0,0,0,0,0,0,0,0,0,0,0,0,0,0,0,0,0,0,0,0
"ASV214","Bacteria","Proteobacteria","Gammaproteobacteria","Enterobacterales","Enterobacteriaceae","Kosakonia",0,0,0,0,0,0,0,0,181,0,0,0,0,0,0,0,0,0,0,0,0,96,0,0,80,61,0,0,0
"ASV215","Bacteria","Proteobacteria","Gammaproteobacteria","Enterobacterales","Erwiniaceae","Pantoea",0,0,0,0,0,93,0,0,56,0,0,0,0,0,0,0,0,62,0,0,0,22,0,0,59,0,51,28,46
"ASV216","Bacteria","Firmicutes","Bacilli","Lactobacillales","Lactobacillaceae","Lactobacillus",0,0,0,0,0,0,0,0,412,0,0,0,0,0,0,0,0,0,0,0,0,0,0,0,0,0,0,0,0
"ASV217","Bacteria","Proteobacteria","Gammaproteobacteria","Enterobacterales","Enterobacteriaceae","Enterobacter",0,0,0,0,0,0,0,0,0,0,0,0,0,0,0,0,0,0,0,0,0,0,0,100,0,266,0,0,36
"ASV218","Bacteria","Proteobacteria","Gammaproteobacteria","Enterobacterales","Enterobacteriaceae",NA,0,0,0,0,0,0,0,0,0,0,0,0,0,0,0,0,0,0,0,0,0,0,0,0,106,150,146,0,0
"ASV219","Bacteria","Proteobacteria","Gammaproteobacteria","Enterobacterales","Erwiniaceae","Pantoea",0,0,0,0,0,0,48,0,0,0,0,0,0,0,0,0,0,85,268,0,0,0,0,0,0,0,0,0,0
"ASV220","Bacteria","Firmicutes","Bacilli","Bacillales","Bacillaceae","Bacillus",0,56,0,0,0,17,0,0,0,0,0,0,0,0,0,0,78,12,61,0,0,17,0,0,0,0,128,0,30
"ASV221","Bacteria","Actinobacteriota","Actinobacteria","Micrococcales","Micrococcaceae","Pseudarthrobacter",0,0,0,0,345,0,0,0,0,0,0,0,0,0,0,0,0,24,0,29,0,0,0,0,0,0,0,0,0
"ASV222","Bacteria","Firmicutes","Bacilli","Lactobacillales","Lactobacillaceae","Lactobacillus",0,0,0,0,0,0,0,0,0,0,0,0,0,0,0,391,0,0,0,0,0,0,0,0,0,0,0,0,0
"ASV223","Bacteria","Proteobacteria","Gammaproteobacteria","Enterobacterales","Enterobacteriaceae","Citrobacter",0,0,0,0,0,0,0,0,0,0,0,0,0,0,0,0,0,0,0,133,54,37,0,0,78,38,0,0,49
"ASV224","Bacteria","Firmicutes","Bacilli","Lactobacillales","Leuconostocaceae","Weissella",0,0,0,0,0,0,0,0,0,0,0,0,0,0,0,0,0,0,0,0,0,0,0,0,0,0,388,0,0
"ASV225","Bacteria","Firmicutes","Bacilli","Lactobacillales","Lactobacillaceae","Lactobacillus",0,0,0,0,0,0,0,0,0,0,0,0,0,383,0,0,0,0,0,0,0,0,0,0,0,0,0,0,0
"ASV226","Bacteria","Firmicutes","Clostridia","Lachnospirales","Lachnospiraceae","Lachnoclostridium",147,15,217,0,0,0,0,0,0,0,0,0,0,0,0,0,0,0,0,0,0,0,0,0,0,0,0,0,0
"ASV227","Bacteria","Proteobacteria","Gammaproteobacteria","Xanthomonadales","Xanthomonadaceae","Stenotrophomonas",0,0,0,0,267,0,0,0,0,0,0,27,0,0,0,0,0,0,0,0,0,0,0,0,0,0,61,24,0
"ASV228","Bacteria","Firmicutes","Bacilli","Lactobacillales","Leuconostocaceae","Leuconostoc",0,0,0,0,0,0,0,0,0,0,0,0,0,0,0,0,0,0,0,0,375,0,0,0,0,0,0,0,0
"ASV229","Bacteria","Proteobacteria","Gammaproteobacteria","Enterobacterales","Enterobacteriaceae","Enterobacter",0,0,0,0,0,0,0,0,0,0,0,0,0,0,0,0,0,0,0,0,0,375,0,0,0,0,0,0,0
"ASV230","Bacteria","Proteobacteria","Gammaproteobacteria","Enterobacterales","Enterobacteriaceae","Enterobacter",0,0,0,0,0,65,0,0,0,0,0,0,0,0,0,0,0,0,0,0,0,0,0,0,158,0,0,0,140
"ASV232","Bacteria","Actinobacteriota","Actinobacteria","Corynebacteriales","Corynebacteriaceae","Corynebacterium",0,0,0,0,0,0,0,0,0,0,0,0,0,0,0,0,324,0,0,0,0,0,33,0,0,0,0,0,0
"ASV233","Bacteria","Firmicutes","Bacilli","Lactobacillales","Lactobacillaceae","Lactobacillus",0,0,0,0,0,0,0,0,0,0,0,0,0,0,0,0,0,0,0,0,0,0,0,350,0,0,0,0,0
"ASV234","Bacteria","Proteobacteria","Gammaproteobacteria","Pseudomonadales","Pseudomonadaceae","Pseudomonas",0,0,0,0,348,0,0,0,0,0,0,0,0,0,0,0,0,0,0,0,0,0,0,0,0,0,0,0,0
"ASV235","Bacteria","Firmicutes","Bacilli","Alicyclobacillales","Alicyclobacillaceae","Tumebacillus",346,0,0,0,0,0,0,0,0,0,0,0,0,0,0,0,0,0,0,0,0,0,0,0,0,0,0,0,0
"ASV236","Bacteria","Firmicutes","Bacilli","Bacillales","Bacillaceae","Bacillus",0,0,0,0,0,0,0,0,0,0,0,0,0,0,0,0,0,0,0,0,0,0,0,0,0,0,0,342,0
"ASV237","Bacteria","Proteobacteria","Gammaproteobacteria","Pseudomonadales","Pseudomonadaceae","Pseudomonas",0,0,0,0,0,0,0,0,0,0,0,0,0,0,0,0,0,0,0,0,0,51,0,288,0,0,0,0,0
"ASV238","Bacteria","Firmicutes","Bacilli","Paenibacillales","Paenibacillaceae","Paenibacillus",238,5,91,0,0,0,0,0,0,0,0,0,0,0,0,0,0,0,0,0,0,0,0,0,0,0,0,0,0
"ASV239","Bacteria","Firmicutes","Bacilli","Bacillales","Bacillaceae","Terribacillus",0,40,0,0,0,0,0,0,0,0,0,0,0,0,0,0,212,0,0,0,0,0,0,0,0,0,52,29,0
"ASV240","Bacteria","Firmicutes","Bacilli","Lactobacillales","Lactobacillaceae","Lactobacillus",0,0,0,0,0,0,0,0,0,0,0,0,0,0,329,0,0,0,0,0,0,0,0,0,0,0,0,0,0
"ASV241","Bacteria","Proteobacteria","Gammaproteobacteria","Burkholderiales","Alcaligenaceae","Achromobacter",0,0,0,0,46,0,0,0,0,0,0,45,34,0,0,0,0,0,0,0,0,0,0,0,0,117,9,70,0
"ASV242","Bacteria","Proteobacteria","Gammaproteobacteria","Xanthomonadales","Xanthomonadaceae","Stenotrophomonas",0,0,0,0,158,0,0,0,0,0,0,0,0,0,0,0,0,0,0,0,0,0,0,0,0,0,28,0,134
"ASV243","Bacteria","Proteobacteria","Gammaproteobacteria","Enterobacterales","Yersiniaceae","Rahnella1",0,0,0,0,0,0,0,0,0,0,0,0,0,0,0,0,0,0,0,318,0,0,0,0,0,0,0,0,0
"ASV244","Bacteria","Firmicutes","Bacilli","Lactobacillales","Enterococcaceae","Enterococcus",0,0,0,0,0,0,0,0,0,0,0,0,0,0,0,0,0,15,62,102,0,18,75,15,0,25,0,0,5
"ASV245","Bacteria","Firmicutes","Bacilli","Staphylococcales","Staphylococcaceae","Staphylococcus",0,0,0,0,0,0,0,0,0,0,0,0,0,0,0,0,0,119,196,0,0,0,0,0,0,0,0,0,0
"ASV246","Bacteria","Actinobacteriota","Actinobacteria","Corynebacteriales","Corynebacteriaceae","Corynebacterium",0,28,0,0,0,6,0,0,0,0,0,0,0,0,0,0,244,30,0,4,0,0,0,0,0,0,0,0,0
"ASV247","Bacteria","Firmicutes","Bacilli","Staphylococcales","Staphylococcaceae","Staphylococcus",0,0,0,0,0,0,0,0,0,0,0,0,0,0,0,0,0,0,162,143,0,0,0,0,0,0,0,0,0
"ASV248","Bacteria","Proteobacteria","Gammaproteobacteria","Pseudomonadales","Moraxellaceae","Acinetobacter",0,0,0,0,67,55,0,0,0,0,0,0,29,0,0,0,0,66,21,0,0,0,22,23,10,7,0,0,0
"ASV249","Bacteria","Firmicutes","Bacilli","Lactobacillales","Lactobacillaceae","Lactobacillus",0,0,0,0,0,0,291,0,0,0,0,0,0,0,0,0,0,0,0,0,0,0,0,0,0,0,0,0,0
"ASV250","Bacteria","Firmicutes","Bacilli","Lactobacillales","Lactobacillaceae","Pediococcus",0,0,0,0,0,0,0,0,0,0,0,0,0,0,0,0,0,0,0,0,0,0,0,0,0,249,41,0,0
"ASV251","Bacteria","Bacteroidota","Bacteroidia","Flavobacteriales","Weeksellaceae","Chryseobacterium",0,0,0,0,41,0,0,0,13,0,0,64,77,0,0,0,3,0,0,0,0,0,0,0,11,0,8,66,0
"ASV252","Bacteria","Firmicutes","Clostridia","Lachnospirales","Lachnospiraceae","Anaerocolumna",282,0,0,0,0,0,0,0,0,0,0,0,0,0,0,0,0,0,0,0,0,0,0,0,0,0,0,0,0
"ASV253","Bacteria","Firmicutes","Bacilli","Lactobacillales","Lactobacillaceae","Lactobacillus",0,0,0,0,0,0,0,0,0,0,0,0,0,280,0,0,0,0,0,0,0,0,0,0,0,0,0,0,0
"ASV254","Bacteria","Firmicutes","Bacilli","Lactobacillales","Lactobacillaceae","Lactobacillus",0,0,0,0,0,0,0,0,0,0,277,0,0,0,0,0,0,0,0,0,0,0,0,0,0,0,0,0,0
"ASV255","Bacteria","Actinobacteriota","Actinobacteria","Micrococcales","Micrococcaceae","Kocuria",97,24,155,0,0,0,0,0,0,0,0,0,0,0,0,0,0,0,0,0,0,0,0,0,0,0,0,0,0
"ASV256","Bacteria","Actinobacteriota","Actinobacteria","Corynebacteriales","Nocardiaceae","Rhodococcus",0,0,0,0,253,0,0,0,0,0,0,0,0,0,0,0,0,6,5,12,0,0,0,0,0,0,0,0,0
"ASV257","Bacteria","Proteobacteria","Gammaproteobacteria","Enterobacterales","Enterobacteriaceae",NA,0,0,0,0,0,0,0,0,0,0,0,0,225,0,5,0,0,0,26,0,0,0,9,0,0,0,11,0,0
"ASV258","Bacteria","Firmicutes","Bacilli","Lactobacillales","Leuconostocaceae","Weissella",0,0,0,0,0,0,0,0,0,0,0,0,0,0,0,0,0,0,0,0,0,0,0,0,0,0,274,0,0
"ASV259","Bacteria","Proteobacteria","Gammaproteobacteria","Xanthomonadales","Xanthomonadaceae","Stenotrophomonas",0,0,0,0,0,0,0,0,0,0,0,21,109,0,0,0,0,0,0,0,0,0,0,18,0,13,0,108,0
"ASV260","Bacteria","Firmicutes","Bacilli","Staphylococcales","Staphylococcaceae","Staphylococcus",145,37,85,0,0,0,0,0,0,0,0,0,0,0,0,0,0,0,0,0,0,0,0,0,0,0,0,0,0
"ASV261","Bacteria","Proteobacteria","Alphaproteobacteria","Rhizobiales","Beijerinckiaceae","Methylobacterium-Methylorubrum",0,0,31,0,143,0,0,19,0,0,0,0,0,6,5,0,0,0,15,40,0,0,0,0,6,0,0,0,0
"ASV262","Bacteria","Proteobacteria","Alphaproteobacteria","Sphingomonadales","Sphingomonadaceae","Sphingomonas",0,0,0,0,222,0,0,8,0,0,0,0,0,3,0,5,6,4,6,9,0,0,0,0,0,0,0,0,0
"ASV263","Bacteria","Firmicutes","Bacilli","Bacillales","Bacillaceae",NA,260,0,0,0,0,0,0,0,0,0,0,0,0,0,0,0,0,0,0,0,0,0,0,0,0,0,0,0,0
"ASV264","Bacteria","Proteobacteria","Alphaproteobacteria","Rhizobiales","Rhizobiaceae","Allorhizobium-Neorhizobium-Pararhizobium-Rhizobium",0,0,0,0,237,0,10,2,0,0,0,0,0,0,0,0,0,3,0,6,0,0,0,0,0,0,2,0,0
"ASV265","Bacteria","Firmicutes","Bacilli","Bacillales","Bacillaceae","Bacillus",171,0,82,0,0,0,0,0,0,0,0,0,0,0,0,0,0,0,0,0,0,0,0,0,0,0,0,0,0
"ASV266","Bacteria","Firmicutes","Bacilli","Lactobacillales","Lactobacillaceae","Lactobacillus",0,253,0,0,0,0,0,0,0,0,0,0,0,0,0,0,0,0,0,0,0,0,0,0,0,0,0,0,0
"ASV267","Bacteria","Proteobacteria","Gammaproteobacteria","Xanthomonadales","Xanthomonadaceae","Stenotrophomonas",0,0,0,0,253,0,0,0,0,0,0,0,0,0,0,0,0,0,0,0,0,0,0,0,0,0,0,0,0
"ASV268","Bacteria","Firmicutes","Bacilli","Bacillales","Planococcaceae","Lysinibacillus",0,0,0,0,0,0,0,0,0,0,0,0,0,0,0,0,0,18,0,0,0,158,10,50,0,0,17,0,0
"ASV269","Bacteria","Firmicutes","Bacilli","Lactobacillales","Lactobacillaceae","Lactobacillus",0,248,0,0,0,0,0,0,0,0,0,0,0,0,0,0,0,0,0,0,0,0,0,0,0,0,0,0,0
"ASV270","Bacteria","Proteobacteria","Gammaproteobacteria","Enterobacterales","Enterobacteriaceae","Klebsiella",0,0,0,0,0,0,0,0,0,0,0,0,0,0,37,0,42,0,0,0,0,0,0,169,0,0,0,0,0
"ASV271","Bacteria","Proteobacteria","Gammaproteobacteria","Oceanospirillales","Halomonadaceae","Halomonas",0,0,0,0,0,0,0,0,0,0,0,0,0,0,0,0,248,0,0,0,0,0,0,0,0,0,0,0,0
"ASV272","Bacteria","Proteobacteria","Gammaproteobacteria","Pseudomonadales","Moraxellaceae","Acinetobacter",0,44,0,0,0,0,0,0,0,0,0,0,0,0,0,0,201,0,0,0,0,0,0,0,0,0,0,0,0
"ASV273","Bacteria","Firmicutes","Bacilli","Lactobacillales","Leuconostocaceae","Leuconostoc",0,0,0,0,0,0,0,0,0,0,0,0,0,0,0,0,0,0,0,0,245,0,0,0,0,0,0,0,0
"ASV274","Bacteria","Proteobacteria","Gammaproteobacteria","Enterobacterales","Enterobacteriaceae",NA,0,0,0,0,0,0,0,0,0,0,0,0,243,0,0,0,0,0,0,0,0,0,0,0,0,0,0,0,0
"ASV275","Bacteria","Proteobacteria","Alphaproteobacteria","Rhizobiales","Rhizobiaceae","Aureimonas",0,0,45,0,195,0,0,0,0,0,0,0,0,0,0,0,0,0,0,0,0,0,0,0,0,0,0,0,0
"ASV276","Bacteria","Firmicutes","Bacilli","Staphylococcales","Staphylococcaceae","Macrococcus",0,0,0,0,0,10,0,0,9,0,0,0,0,0,0,0,25,129,19,0,0,0,11,0,0,10,0,0,24
"ASV277","Bacteria","Proteobacteria","Alphaproteobacteria","Sphingomonadales","Sphingomonadaceae","Sphingomonas",0,0,0,0,234,0,0,0,0,0,0,0,0,0,0,0,0,0,0,0,0,0,0,0,0,0,0,0,0
"ASV278","Bacteria","Firmicutes","Clostridia","Peptostreptococcales-Tissierellales","Peptostreptococcaceae","Romboutsia",231,0,0,0,0,0,0,0,0,0,0,0,0,0,0,0,0,0,0,0,0,0,0,0,0,0,0,0,0
"ASV279","Bacteria","Firmicutes","Bacilli","Bacillales","Bacillaceae","Bacillus",124,0,98,0,0,0,0,0,0,0,0,0,0,0,0,0,0,0,0,0,0,0,0,0,0,0,0,0,0
"ASV280","Bacteria","Proteobacteria","Gammaproteobacteria","Enterobacterales","Enterobacteriaceae","Enterobacter",0,0,0,0,0,30,0,0,51,0,0,0,0,0,0,0,0,85,0,0,0,0,0,0,20,0,0,0,36
"ASV281","Bacteria","Actinobacteriota","Actinobacteria","Corynebacteriales","Corynebacteriaceae","Corynebacterium",0,0,220,0,0,0,0,0,0,0,0,0,0,0,0,0,0,0,0,0,0,0,0,0,0,0,0,0,0
"ASV282","Bacteria","Firmicutes","Bacilli","Lactobacillales","Streptococcaceae","Streptococcus",0,0,98,0,122,0,0,0,0,0,0,0,0,0,0,0,0,0,0,0,0,0,0,0,0,0,0,0,0
"ASV283","Bacteria","Proteobacteria","Gammaproteobacteria","Enterobacterales","Enterobacteriaceae","Citrobacter",0,0,0,0,0,0,0,0,0,0,0,0,0,0,0,0,0,0,0,0,0,19,0,0,148,0,0,0,53
"ASV284","Bacteria","Firmicutes","Bacilli","Paenibacillales","Paenibacillaceae","Paenibacillus",219,0,0,0,0,0,0,0,0,0,0,0,0,0,0,0,0,0,0,0,0,0,0,0,0,0,0,0,0
"ASV285","Bacteria","Proteobacteria","Gammaproteobacteria","Aeromonadales","Aeromonadaceae","Aeromonas",0,0,0,0,0,0,0,0,0,0,0,0,0,0,0,0,0,0,0,0,0,35,0,0,14,0,0,0,170
"ASV286","Bacteria","Proteobacteria","Gammaproteobacteria","Pseudomonadales","Pseudomonadaceae","Pseudomonas",0,0,0,0,0,0,0,0,0,0,0,53,22,0,0,0,0,0,0,0,0,0,0,57,19,67,0,0,0
"ASV287","Bacteria","Firmicutes","Bacilli","Lactobacillales","Lactobacillaceae","Pediococcus",0,0,0,0,0,0,0,0,0,0,0,0,0,0,0,0,0,0,0,0,0,0,0,0,0,0,217,0,0
"ASV288","Bacteria","Firmicutes","Bacilli","Lactobacillales","Enterococcaceae","Enterococcus",0,0,0,0,0,0,0,0,0,0,0,0,0,0,0,0,0,70,0,0,0,45,0,0,0,55,0,0,45
"ASV289","Bacteria","Proteobacteria","Gammaproteobacteria","Enterobacterales","Enterobacteriaceae","Klebsiella",0,0,0,0,0,0,0,0,0,0,0,0,0,0,0,0,52,0,0,0,0,0,0,162,0,0,0,0,0
"ASV290","Bacteria","Firmicutes","Bacilli","Lactobacillales","Enterococcaceae","Enterococcus",0,0,0,0,0,0,0,0,0,0,0,0,0,0,0,0,0,0,0,0,0,0,213,0,0,0,0,0,0
"ASV291","Bacteria","Firmicutes","Bacilli","Bacillales","Bacillaceae","Bacillus",0,0,0,0,0,0,0,0,0,0,0,0,0,0,0,0,0,0,0,0,0,0,63,0,8,86,27,28,0
"ASV292","Bacteria","Firmicutes","Bacilli","Staphylococcales","Staphylococcaceae","Staphylococcus",0,0,0,0,0,0,10,0,13,0,0,0,0,0,0,25,46,0,95,0,7,0,0,0,10,0,5,0,0
"ASV293","Bacteria","Firmicutes","Bacilli","Lactobacillales","Lactobacillaceae","Lactobacillus",0,0,0,0,0,0,0,0,0,0,0,0,210,0,0,0,0,0,0,0,0,0,0,0,0,0,0,0,0
"ASV294","Bacteria","Proteobacteria","Alphaproteobacteria","Rhizobiales","Rhizobiaceae","Ochrobactrum",0,0,0,0,0,0,0,0,9,0,0,60,55,0,0,0,0,0,0,0,0,0,0,12,41,31,0,0,0
"ASV295","Bacteria","Firmicutes","Bacilli","Staphylococcales","Staphylococcaceae","Staphylococcus",0,0,0,0,0,0,0,0,0,0,0,0,0,0,0,0,0,0,0,208,0,0,0,0,0,0,0,0,0
"ASV296","Bacteria","Bacteroidota","Rhodothermia","Rhodothermales","Rhodothermaceae","Salinibacter",0,0,0,0,205,0,0,0,0,0,0,0,0,0,0,2,0,0,0,0,0,0,0,0,0,0,0,0,0
"ASV297","Bacteria","Firmicutes","Bacilli","Alicyclobacillales","Alicyclobacillaceae","Tumebacillus",206,0,0,0,0,0,0,0,0,0,0,0,0,0,0,0,0,0,0,0,0,0,0,0,0,0,0,0,0
"ASV298","Bacteria","Proteobacteria","Gammaproteobacteria","Pseudomonadales","Pseudomonadaceae","Pseudomonas",72,0,0,0,0,0,0,0,0,0,0,0,0,0,0,0,0,81,53,0,0,0,0,0,0,0,0,0,0
"ASV299","Bacteria","Proteobacteria","Gammaproteobacteria","Xanthomonadales","Xanthomonadaceae","Stenotrophomonas",0,0,0,0,0,0,0,0,0,0,0,0,0,0,0,0,0,0,0,0,0,0,0,0,159,0,47,0,0
"ASV300","Bacteria","Firmicutes","Bacilli","Bacillales","Bacillaceae","Bacillus",143,0,62,0,0,0,0,0,0,0,0,0,0,0,0,0,0,0,0,0,0,0,0,0,0,0,0,0,0
"ASV301","Bacteria","Proteobacteria","Gammaproteobacteria","Pseudomonadales","Pseudomonadaceae","Pseudomonas",0,11,0,0,0,0,0,0,0,0,0,0,0,0,0,0,194,0,0,0,0,0,0,0,0,0,0,0,0
"ASV302","Bacteria","Bacteroidota","Rhodothermia","Rhodothermales","Rhodothermaceae","Salinibacter",0,0,0,0,203,0,0,0,0,0,0,0,0,0,0,0,0,0,0,0,0,0,0,0,0,0,0,0,0
"ASV303","Bacteria","Proteobacteria","Alphaproteobacteria","Sphingomonadales","Sphingomonadaceae","Sphingomonas",0,0,0,0,0,6,23,20,0,0,14,19,66,0,0,0,0,7,0,11,0,0,0,7,0,17,9,0,4
"ASV304","Bacteria","Proteobacteria","Gammaproteobacteria","Burkholderiales","Comamonadaceae","Comamonas",0,0,0,0,151,0,0,0,0,0,0,0,0,0,0,0,15,0,0,0,0,0,9,13,14,0,0,0,0
"ASV305","Bacteria","Firmicutes","Bacilli","Lactobacillales","Lactobacillaceae","Lactobacillus",0,201,0,0,0,0,0,0,0,0,0,0,0,0,0,0,0,0,0,0,0,0,0,0,0,0,0,0,0
"ASV306","Bacteria","Proteobacteria","Alphaproteobacteria","Rhizobiales","Beijerinckiaceae","Methylobacterium-Methylorubrum",0,0,0,0,194,0,0,0,0,0,0,0,0,0,0,0,0,0,0,7,0,0,0,0,0,0,0,0,0
"ASV307","Bacteria","Firmicutes","Clostridia","Clostridiales","Clostridiaceae","Clostridium_sensu_stricto_1",0,0,0,0,0,0,0,0,0,0,0,0,0,0,0,0,0,0,0,0,0,9,136,0,46,9,0,0,0
"ASV308","Bacteria","Actinobacteriota","Actinobacteria","Propionibacteriales","Nocardioidaceae","Aeromicrobium",0,0,0,0,106,0,0,0,0,0,12,17,0,0,0,6,0,19,5,27,7,0,0,0,0,0,0,0,0
"ASV309","Bacteria","Proteobacteria","Gammaproteobacteria","Pseudomonadales","Moraxellaceae","Acinetobacter",0,0,0,0,0,175,0,0,0,0,0,0,0,0,0,0,0,0,0,0,0,21,0,0,0,0,0,0,0
"ASV310","Bacteria","Firmicutes","Bacilli","Lactobacillales","Leuconostocaceae","Weissella",0,0,0,0,0,0,0,0,0,0,0,0,0,0,0,0,0,0,0,0,0,0,0,0,0,0,0,196,0
"ASV311","Bacteria","Actinobacteriota","Actinobacteria","Corynebacteriales","Corynebacteriaceae","Corynebacterium",195,0,0,0,0,0,0,0,0,0,0,0,0,0,0,0,0,0,0,0,0,0,0,0,0,0,0,0,0
"ASV312","Bacteria","Patescibacteria","Saccharimonadia","Saccharimonadales","Saccharimonadaceae","TM7a",0,0,0,0,191,0,0,0,0,0,0,0,0,0,0,0,0,0,0,0,0,0,0,0,0,0,0,0,0
"ASV313","Bacteria","Firmicutes","Bacilli","Lactobacillales","Lactobacillaceae","Lactobacillus",0,190,0,0,0,0,0,0,0,0,0,0,0,0,0,0,0,0,0,0,0,0,0,0,0,0,0,0,0
"ASV314","Bacteria","Actinobacteriota","Actinobacteria","Corynebacteriales","Corynebacteriaceae","Corynebacterium",0,0,0,0,0,0,0,0,0,0,0,0,46,0,0,0,74,14,0,0,0,0,39,0,0,0,0,17,0
"ASV315","Bacteria","Firmicutes","Bacilli","Lactobacillales","Enterococcaceae","Enterococcus",0,0,0,0,0,0,0,0,0,0,0,0,0,0,0,0,0,44,0,0,0,0,93,53,0,0,0,0,0
"ASV316","Bacteria","Firmicutes","Bacilli","Lactobacillales","Streptococcaceae","Lactococcus",0,0,0,0,0,0,0,0,0,0,0,0,0,0,0,0,0,0,0,0,0,0,0,0,189,0,0,0,0
"ASV317","Bacteria","Proteobacteria","Alphaproteobacteria","Rhizobiales","Xanthobacteraceae","Bradyrhizobium",89,0,0,98,0,0,0,0,0,0,0,0,0,0,0,0,0,0,0,0,0,0,0,0,0,0,0,0,0
"ASV318","Bacteria","Proteobacteria","Gammaproteobacteria","Pasteurellales","Pasteurellaceae","Haemophilus",186,0,0,0,0,0,0,0,0,0,0,0,0,0,0,0,0,0,0,0,0,0,0,0,0,0,0,0,0
"ASV319","Bacteria","Firmicutes","Bacilli","Bacillales","Bacillaceae","Bacillus",0,0,184,0,0,0,0,0,0,0,0,0,0,0,0,0,0,0,0,0,0,0,0,0,0,0,0,0,0
"ASV320","Bacteria","Firmicutes","Bacilli","Staphylococcales","Staphylococcaceae","Staphylococcus",0,0,0,0,0,0,0,0,0,0,0,0,0,0,0,0,0,0,0,184,0,0,0,0,0,0,0,0,0
"ASV321","Bacteria","Firmicutes","Bacilli","Paenibacillales","Paenibacillaceae","Paenibacillus",183,0,0,0,0,0,0,0,0,0,0,0,0,0,0,0,0,0,0,0,0,0,0,0,0,0,0,0,0
"ASV322","Bacteria","Firmicutes","Bacilli","Bacillales","Bacillaceae","Bacillus",41,0,141,0,0,0,0,0,0,0,0,0,0,0,0,0,0,0,0,0,0,0,0,0,0,0,0,0,0
"ASV323","Bacteria","Proteobacteria","Gammaproteobacteria","Pseudomonadales","Pseudomonadaceae","Pseudomonas",0,0,0,0,0,38,0,0,14,0,0,0,7,0,0,0,0,67,27,0,0,28,0,0,0,0,0,0,0
"ASV324","Bacteria","Proteobacteria","Gammaproteobacteria","Xanthomonadales","Xanthomonadaceae","Stenotrophomonas",0,0,0,0,0,0,0,0,0,0,0,0,0,0,0,0,0,0,0,0,0,0,0,0,0,0,180,0,0
"ASV325","Bacteria","Proteobacteria","Gammaproteobacteria","Pseudomonadales","Pseudomonadaceae","Pseudomonas",0,0,0,0,179,0,0,0,0,0,0,0,0,0,0,0,0,0,0,0,0,0,0,0,0,0,0,0,0
"ASV326","Bacteria","Actinobacteriota","Actinobacteria","Micrococcales","Microbacteriaceae","Frigoribacterium",0,0,0,0,57,0,0,11,0,0,0,0,0,0,0,0,0,61,10,39,0,0,0,0,0,0,0,0,0
"ASV327","Bacteria","Firmicutes","Bacilli","Staphylococcales","Staphylococcaceae","Staphylococcus",0,0,0,0,0,0,0,0,0,0,0,0,0,0,0,0,0,0,0,172,0,0,0,0,0,0,0,0,0
"ASV328","Bacteria","Proteobacteria","Gammaproteobacteria","Enterobacterales","Enterobacteriaceae","Raoultella",0,0,0,0,0,0,0,0,0,0,0,0,0,0,0,0,0,0,0,0,0,0,0,62,110,0,0,0,0
"ASV329","Bacteria","Firmicutes","Bacilli","Lactobacillales","Leuconostocaceae","Leuconostoc",0,0,0,0,0,0,0,0,0,0,0,0,0,0,0,0,0,0,0,0,171,0,0,0,0,0,0,0,0
"ASV331","Bacteria","Proteobacteria","Gammaproteobacteria","Enterobacterales","Erwiniaceae","Pantoea",0,0,0,0,0,0,0,0,0,0,0,0,0,0,0,0,0,169,0,0,0,0,0,0,0,0,0,0,0
"ASV332","Bacteria","Proteobacteria","Gammaproteobacteria","Enterobacterales","Enterobacteriaceae",NA,0,0,0,0,0,17,0,0,36,0,0,0,0,0,0,0,0,73,0,0,0,0,0,0,18,0,0,0,24
"ASV334","Bacteria","Proteobacteria","Alphaproteobacteria","Sphingomonadales","Sphingomonadaceae","Sphingobium",0,0,0,0,167,0,0,0,0,0,0,0,0,0,0,0,0,0,0,0,0,0,0,0,0,0,0,0,0
"ASV335","Bacteria","Proteobacteria","Gammaproteobacteria","Burkholderiales","Comamonadaceae","Variovorax",0,0,0,0,167,0,0,0,0,0,0,0,0,0,0,0,0,0,0,0,0,0,0,0,0,0,0,0,0
"ASV336","Bacteria","Firmicutes","Bacilli","Lactobacillales","Lactobacillaceae","Lactobacillus",0,0,0,0,0,0,0,0,0,0,0,0,0,0,0,165,0,0,0,0,0,0,0,0,0,0,0,0,0
"ASV337","Bacteria","Proteobacteria","Alphaproteobacteria","Sphingomonadales","Sphingomonadaceae","Novosphingobium",0,0,0,0,164,0,0,0,0,0,0,0,0,0,0,0,0,0,0,0,0,0,0,0,0,0,0,0,0
"ASV338","Bacteria","Firmicutes","Bacilli","Lactobacillales","Leuconostocaceae","Weissella",0,0,0,0,0,0,0,0,0,0,0,0,0,0,0,0,0,0,0,163,0,0,0,0,0,0,0,0,0
"ASV339","Bacteria","Firmicutes","Bacilli","Bacillales","Bacillaceae","Bacillus",115,0,47,0,0,0,0,0,0,0,0,0,0,0,0,0,0,0,0,0,0,0,0,0,0,0,0,0,0
"ASV340","Bacteria","Bacteroidota","Bacteroidia","Flavobacteriales","Weeksellaceae","Chryseobacterium",0,0,0,0,0,0,0,0,0,0,0,0,86,9,0,0,0,12,0,4,0,0,0,12,11,0,14,14,0
"ASV341","Bacteria","Actinobacteriota","Actinobacteria","Propionibacteriales","Nocardioidaceae","Nocardioides",0,0,0,0,133,0,0,0,0,0,0,0,0,0,0,0,0,8,0,15,0,0,0,0,0,0,0,0,0
"ASV342","Bacteria","Firmicutes","Bacilli","Paenibacillales","Paenibacillaceae","Paenibacillus",0,0,0,0,0,25,0,0,0,0,0,0,17,0,0,0,0,0,0,0,0,0,114,0,0,0,0,0,0
"ASV343","Bacteria","Bacteroidota","Bacteroidia","Sphingobacteriales","Sphingobacteriaceae","Pedobacter",0,0,0,0,154,0,0,0,0,0,0,0,0,0,0,0,0,0,0,0,0,0,0,0,0,0,0,0,0
"ASV344","Bacteria","Firmicutes","Bacilli","Staphylococcales","Staphylococcaceae","Staphylococcus",0,0,0,0,0,0,0,0,0,0,0,0,0,0,0,0,0,0,154,0,0,0,0,0,0,0,0,0,0
"ASV345","Bacteria","Proteobacteria","Gammaproteobacteria","Pseudomonadales","Pseudomonadaceae","Pseudomonas",0,0,0,0,0,37,0,0,0,0,0,0,0,0,0,0,12,93,0,0,0,0,10,0,0,0,0,0,0
"ASV346","Bacteria","Firmicutes","Bacilli","Bacillales","Bacillaceae","Bacillus",0,0,0,0,0,0,0,0,0,0,146,0,0,0,0,0,0,0,0,0,0,0,0,6,0,0,0,0,0
"ASV347","Bacteria","Proteobacteria","Gammaproteobacteria","Pseudomonadales","Pseudomonadaceae","Pseudomonas",0,0,0,0,151,0,0,0,0,0,0,0,0,0,0,0,0,0,0,0,0,0,0,0,0,0,0,0,0
"ASV348","Bacteria","Proteobacteria","Gammaproteobacteria","Enterobacterales","Erwiniaceae",NA,0,0,0,0,59,0,0,0,92,0,0,0,0,0,0,0,0,0,0,0,0,0,0,0,0,0,0,0,0
"ASV349","Bacteria","Firmicutes","Bacilli","Lactobacillales","Lactobacillaceae","Lactobacillus",0,0,0,0,0,0,0,0,0,0,0,0,0,0,0,0,0,0,0,0,0,0,0,151,0,0,0,0,0
"ASV350","Bacteria","Bacteroidota","Bacteroidia","Flavobacteriales","Flavobacteriaceae","Myroides",0,0,0,0,0,0,0,0,0,0,0,0,0,0,0,0,0,0,0,0,0,0,0,0,56,95,0,0,0
"ASV351","Bacteria","Proteobacteria","Gammaproteobacteria","Xanthomonadales","Xanthomonadaceae","Stenotrophomonas",0,0,0,0,0,0,0,0,0,0,0,0,0,0,0,0,0,0,0,0,0,0,0,0,0,0,151,0,0
"ASV352","Bacteria","Firmicutes","Clostridia","Clostridiales","Caloramatoraceae","Fonticella",150,0,0,0,0,0,0,0,0,0,0,0,0,0,0,0,0,0,0,0,0,0,0,0,0,0,0,0,0
"ASV353","Bacteria","Firmicutes","Bacilli","Paenibacillales","Paenibacillaceae","Paenibacillus",150,0,0,0,0,0,0,0,0,0,0,0,0,0,0,0,0,0,0,0,0,0,0,0,0,0,0,0,0
"ASV354","Bacteria","Proteobacteria","Gammaproteobacteria","Enterobacterales","Enterobacteriaceae","Escherichia/Shigella",0,0,0,0,0,0,0,0,0,0,0,0,0,0,0,0,0,0,0,0,0,0,26,72,24,27,0,0,0
"ASV355","Bacteria","Proteobacteria","Gammaproteobacteria","Burkholderiales","Comamonadaceae","Comamonas",0,0,0,0,0,9,0,0,0,0,0,0,0,0,0,0,0,10,0,0,0,0,0,55,57,0,0,15,0
"ASV356","Bacteria","Firmicutes","Clostridia","Peptostreptococcales-Tissierellales","Anaerovoracaceae","S5-A14a",143,0,0,0,0,0,0,0,0,0,0,0,0,0,0,0,0,0,0,0,0,0,0,0,0,0,0,0,0
"ASV357","Bacteria","Firmicutes","Bacilli","Lactobacillales","Streptococcaceae","Lactococcus",0,0,0,0,0,0,0,0,0,0,0,0,0,0,0,0,0,0,0,0,0,0,143,0,0,0,0,0,0
"ASV358","Bacteria","Bacteroidota","Bacteroidia","Flavobacteriales","Flavobacteriaceae","Myroides",0,0,0,0,0,0,0,0,0,0,0,0,0,0,0,0,0,0,0,0,0,0,0,3,140,0,0,0,0
"ASV359","Bacteria","Firmicutes","Clostridia","Peptostreptococcales-Tissierellales","Peptostreptococcaceae","Sporacetigenium",0,0,142,0,0,0,0,0,0,0,0,0,0,0,0,0,0,0,0,0,0,0,0,0,0,0,0,0,0
"ASV360","Bacteria","Firmicutes","Clostridia","Clostridiales","Caloramatoraceae","Fonticella",140,0,0,0,0,0,0,0,0,0,0,0,0,0,0,0,0,0,0,0,0,0,0,0,0,0,0,0,0
"ASV361","Bacteria","Proteobacteria","Gammaproteobacteria","Pseudomonadales","Moraxellaceae","Acinetobacter",0,0,0,0,140,0,0,0,0,0,0,0,0,0,0,0,0,0,0,0,0,0,0,0,0,0,0,0,0
"ASV362","Bacteria","Firmicutes","Bacilli","Lactobacillales","Lactobacillaceae","Lactobacillus",0,0,0,0,0,0,0,0,0,0,0,0,0,0,0,0,0,0,0,0,0,0,0,103,0,37,0,0,0
"ASV363","Bacteria","Firmicutes","Clostridia","Lachnospirales","Lachnospiraceae","Tyzzerella",0,0,139,0,0,0,0,0,0,0,0,0,0,0,0,0,0,0,0,0,0,0,0,0,0,0,0,0,0
"ASV364","Bacteria","Proteobacteria","Gammaproteobacteria","Pseudomonadales","Moraxellaceae","Acinetobacter",0,0,0,0,139,0,0,0,0,0,0,0,0,0,0,0,0,0,0,0,0,0,0,0,0,0,0,0,0
"ASV365","Bacteria","Firmicutes","Bacilli","Paenibacillales","Paenibacillaceae","Paenibacillus",137,0,0,0,0,0,0,0,0,0,0,0,0,0,0,0,0,0,0,0,0,0,0,0,0,0,0,0,0
"ASV366","Bacteria","Firmicutes","Bacilli","Lactobacillales","Carnobacteriaceae","Marinilactibacillus",0,32,0,0,0,0,0,0,0,0,0,0,0,0,0,0,105,0,0,0,0,0,0,0,0,0,0,0,0
"ASV367","Bacteria","Proteobacteria","Gammaproteobacteria","Enterobacterales","Enterobacteriaceae","Raoultella",0,0,0,0,0,0,0,0,85,0,0,0,25,0,0,0,0,0,0,0,0,0,0,1,26,0,0,0,0
"ASV368","Bacteria","Firmicutes","Bacilli","Lactobacillales","Enterococcaceae","Enterococcus",0,0,0,0,0,0,0,0,0,0,0,0,0,0,0,0,0,0,0,0,0,136,0,0,0,0,0,0,0
"ASV369","Bacteria","Proteobacteria","Gammaproteobacteria","Burkholderiales","Comamonadaceae","Aquabacterium",27,10,0,98,0,0,0,0,0,0,0,0,0,0,0,0,0,0,0,0,0,0,0,0,0,0,0,0,0
"ASV370","Bacteria","Proteobacteria","Gammaproteobacteria","Enterobacterales","Enterobacteriaceae",NA,0,0,0,0,0,0,0,0,0,0,0,0,0,0,0,0,0,0,0,0,0,0,0,0,0,135,0,0,0
"ASV371","Bacteria","Proteobacteria","Gammaproteobacteria","Enterobacterales","Erwiniaceae","Pantoea",0,0,0,0,0,0,0,0,0,0,0,0,0,0,0,0,134,0,0,0,0,0,0,0,0,0,0,0,0
"ASV372","Bacteria","Proteobacteria","Gammaproteobacteria","Pseudomonadales","Pseudomonadaceae","Pseudomonas",0,0,108,0,0,6,1,0,0,0,0,0,0,0,0,0,0,7,0,0,0,0,0,0,0,0,0,0,11
"ASV373","Bacteria","Proteobacteria","Gammaproteobacteria","Pseudomonadales","Pseudomonadaceae","Pseudomonas",0,0,0,0,0,133,0,0,0,0,0,0,0,0,0,0,0,0,0,0,0,0,0,0,0,0,0,0,0
"ASV374","Bacteria","Proteobacteria","Gammaproteobacteria","Pseudomonadales","Pseudomonadaceae","Pseudomonas",0,0,0,0,0,0,0,0,44,0,0,0,0,0,0,0,0,0,0,0,0,16,0,15,0,0,34,24,0
"ASV375","Bacteria","Firmicutes","Bacilli","Bacillales","Bacillaceae","Bacillus",0,0,0,0,0,0,0,0,0,0,0,0,0,0,0,0,0,0,0,0,0,0,0,0,0,133,0,0,0
"ASV376","Bacteria","Actinobacteriota","Actinobacteria","Propionibacteriales","Nocardioidaceae","Nocardioides",0,0,0,0,132,0,0,0,0,0,0,0,0,0,0,0,0,0,0,0,0,0,0,0,0,0,0,0,0
"ASV377","Bacteria","Firmicutes","Clostridia","Lachnospirales","Lachnospiraceae","Epulopiscium",129,0,0,0,0,0,0,0,0,0,0,0,0,0,0,0,0,0,0,0,0,0,0,0,0,0,0,0,0
"ASV378","Bacteria","Actinobacteriota","Actinobacteria","Micrococcales","Dermabacteraceae","Brachybacterium",0,9,0,0,0,0,0,0,0,0,0,0,0,0,0,0,120,0,0,0,0,0,0,0,0,0,0,0,0
"ASV379","Bacteria","Firmicutes","Bacilli","Paenibacillales","Paenibacillaceae","Paenibacillus",0,0,129,0,0,0,0,0,0,0,0,0,0,0,0,0,0,0,0,0,0,0,0,0,0,0,0,0,0
"ASV380","Bacteria","Firmicutes","Bacilli","Bacillales","Bacillaceae","Bacillus",110,0,18,0,0,0,0,0,0,0,0,0,0,0,0,0,0,0,0,0,0,0,0,0,0,0,0,0,0
"ASV381","Bacteria","Firmicutes","Bacilli","Paenibacillales","Paenibacillaceae","Paenibacillus",127,0,0,0,0,0,0,0,0,0,0,0,0,0,0,0,0,0,0,0,0,0,0,0,0,0,0,0,0
"ASV382","Bacteria","Firmicutes","Bacilli","Bacillales","Bacillaceae","Bacillus",126,0,0,0,0,0,0,0,0,0,0,0,0,0,0,0,0,0,0,0,0,0,0,0,0,0,0,0,0
"ASV383","Bacteria","Proteobacteria","Gammaproteobacteria","Pseudomonadales","Moraxellaceae","Acinetobacter",0,0,0,0,0,0,0,0,0,0,0,0,0,0,0,0,0,98,0,0,0,0,0,0,0,0,0,0,28
"ASV384","Bacteria","Proteobacteria","Gammaproteobacteria","Enterobacterales","Yersiniaceae","Rahnella1",0,0,0,0,0,0,0,0,0,0,0,12,0,0,0,0,0,0,0,51,0,0,0,0,0,0,0,0,62
"ASV385","Bacteria","Proteobacteria","Gammaproteobacteria","Xanthomonadales","Xanthomonadaceae","Stenotrophomonas",0,0,0,0,90,0,0,0,0,0,0,0,0,0,0,0,34,0,0,0,0,0,0,0,0,0,0,0,0
"ASV386","Bacteria","Firmicutes","Bacilli","Lactobacillales","Streptococcaceae","Streptococcus",0,0,123,0,0,0,0,0,0,0,0,0,0,0,0,0,0,0,0,0,0,0,0,0,0,0,0,0,0
"ASV387","Bacteria","Firmicutes","Bacilli","Lactobacillales","Lactobacillaceae","Pediococcus",0,0,0,0,0,0,0,0,0,0,0,0,0,0,0,0,0,0,0,0,0,0,0,0,0,123,0,0,0
"ASV388","Bacteria","Proteobacteria","Gammaproteobacteria","Pseudomonadales","Pseudomonadaceae","Pseudomonas",0,0,0,0,0,0,0,0,0,0,0,0,0,0,0,0,0,0,0,0,0,0,0,0,122,0,0,0,0
"ASV389","Bacteria","Actinobacteriota","Actinobacteria","Corynebacteriales","Corynebacteriaceae","Corynebacterium",121,0,0,0,0,0,0,0,0,0,0,0,0,0,0,0,0,0,0,0,0,0,0,0,0,0,0,0,0
"ASV390","Bacteria","Firmicutes","Bacilli","Lactobacillales","Carnobacteriaceae","Trichococcus",0,0,0,0,120,0,0,0,0,0,0,0,0,0,0,0,0,0,0,0,0,0,0,0,0,0,0,0,0
"ASV391","Bacteria","Firmicutes","Bacilli","Bacillales","Bacillaceae","Bacillus",119,0,0,0,0,0,0,0,0,0,0,0,0,0,0,0,0,0,0,0,0,0,0,0,0,0,0,0,0
"ASV392","Bacteria","Proteobacteria","Gammaproteobacteria","Enterobacterales","Erwiniaceae","Pantoea",0,0,0,0,0,0,0,0,0,0,0,0,119,0,0,0,0,0,0,0,0,0,0,0,0,0,0,0,0
"ASV393","Bacteria","Actinobacteriota","Actinobacteria","Corynebacteriales","Corynebacteriaceae","Corynebacterium",118,0,0,0,0,0,0,0,0,0,0,0,0,0,0,0,0,0,0,0,0,0,0,0,0,0,0,0,0
"ASV394","Bacteria","Proteobacteria","Alphaproteobacteria","Rhizobiales","Rhizobiales_Incertae_Sedis","Phreatobacter",0,0,0,0,118,0,0,0,0,0,0,0,0,0,0,0,0,0,0,0,0,0,0,0,0,0,0,0,0
"ASV395","Bacteria","Bacteroidota","Bacteroidia","Flavobacteriales","Weeksellaceae","Empedobacter",0,0,0,0,0,0,0,0,0,0,0,71,0,0,0,0,0,0,0,0,0,0,0,0,0,47,0,0,0
"ASV396","Bacteria","Actinobacteriota","Actinobacteria","Corynebacteriales","Corynebacteriaceae","Corynebacterium",0,0,0,0,0,0,0,0,0,0,0,0,53,0,0,0,57,0,0,0,0,0,0,8,0,0,0,0,0
"ASV397","Bacteria","Firmicutes","Bacilli","Lactobacillales","Streptococcaceae","Lactococcus",0,0,0,0,0,0,0,0,0,0,0,0,0,0,0,0,0,118,0,0,0,0,0,0,0,0,0,0,0
"ASV398","Bacteria","Firmicutes","Bacilli","Lactobacillales","Streptococcaceae","Lactococcus",0,0,0,0,0,0,0,0,0,0,0,0,0,0,0,0,0,0,0,0,0,0,0,0,0,0,0,0,118
"ASV399","Bacteria","Bacteroidota","Bacteroidia","Flavobacteriales","Flavobacteriaceae","Flavobacterium",0,0,0,0,0,0,0,0,0,0,0,0,0,0,0,0,0,0,0,0,0,0,0,0,117,0,0,0,0
"ASV400","Bacteria","Proteobacteria","Alphaproteobacteria","Rhizobiales","Devosiaceae","Devosia",0,0,0,0,116,0,0,0,0,0,0,0,0,0,0,0,0,0,0,0,0,0,0,0,0,0,0,0,0
"ASV401","Bacteria","Firmicutes","Bacilli","Erysipelotrichales","Erysipelotrichaceae","Turicibacter",115,0,0,0,0,0,0,0,0,0,0,0,0,0,0,0,0,0,0,0,0,0,0,0,0,0,0,0,0
"ASV402","Bacteria","Firmicutes","Clostridia","Clostridiales","Clostridiaceae","Clostridium_sensu_stricto_13",0,0,115,0,0,0,0,0,0,0,0,0,0,0,0,0,0,0,0,0,0,0,0,0,0,0,0,0,0
"ASV403","Bacteria","Firmicutes","Bacilli","Thermoactinomycetales","Thermoactinomycetaceae",NA,0,0,115,0,0,0,0,0,0,0,0,0,0,0,0,0,0,0,0,0,0,0,0,0,0,0,0,0,0
"ASV404","Bacteria","Actinobacteriota","Actinobacteria","Micrococcales","Microbacteriaceae","Frigoribacterium",0,0,0,0,113,0,0,0,0,0,0,0,0,0,0,0,0,0,0,0,0,0,0,0,0,0,0,0,0
"ASV405","Bacteria","Proteobacteria","Gammaproteobacteria","Pseudomonadales","Pseudomonadaceae","Pseudomonas",0,0,0,0,112,0,0,0,0,0,0,0,0,0,0,0,0,0,0,0,0,0,0,0,0,0,0,0,0
"ASV406","Bacteria","Proteobacteria","Alphaproteobacteria","Rhizobiales","Hyphomicrobiaceae","Hyphomicrobium",0,0,0,0,112,0,0,0,0,0,0,0,0,0,0,0,0,0,0,0,0,0,0,0,0,0,0,0,0
"ASV407","Bacteria","Firmicutes","Bacilli","Lactobacillales","Streptococcaceae","Lactococcus",0,0,0,0,0,0,0,0,0,0,0,0,0,0,0,0,0,0,0,0,0,0,0,0,0,112,0,0,0
"ASV408","Bacteria","Proteobacteria","Gammaproteobacteria","Pseudomonadales","Pseudomonadaceae","Pseudomonas",0,0,0,0,0,0,0,0,0,0,0,0,0,0,0,0,0,0,46,0,0,64,0,0,0,0,0,0,0
"ASV409","Bacteria","Firmicutes","Clostridia","Clostridiales","Clostridiaceae","Clostridium_sensu_stricto_1",0,0,109,0,0,0,0,0,0,0,0,0,0,0,0,0,0,0,0,0,0,0,0,0,0,0,0,0,0
"ASV410","Bacteria","Proteobacteria","Alphaproteobacteria","Rhizobiales","Devosiaceae","Devosia",0,0,0,0,109,0,0,0,0,0,0,0,0,0,0,0,0,0,0,0,0,0,0,0,0,0,0,0,0
"ASV411","Bacteria","Bacteroidota","Bacteroidia","Sphingobacteriales","Sphingobacteriaceae","Pedobacter",0,0,0,0,109,0,0,0,0,0,0,0,0,0,0,0,0,0,0,0,0,0,0,0,0,0,0,0,0
"ASV412","Bacteria","Actinobacteriota","Actinobacteria","Micrococcales","Microbacteriaceae","Leucobacter",0,0,0,0,20,0,0,0,0,0,0,0,0,0,0,0,89,0,0,0,0,0,0,0,0,0,0,0,0
"ASV413","Bacteria","Firmicutes","Bacilli","Exiguobacterales","Exiguobacteraceae","Exiguobacterium",0,0,0,0,0,0,0,0,0,0,0,0,0,0,0,0,0,0,109,0,0,0,0,0,0,0,0,0,0
"ASV414","Bacteria","Firmicutes","Bacilli","Lactobacillales","Leuconostocaceae","Leuconostoc",0,0,0,0,0,0,0,0,0,0,0,0,0,0,0,0,0,0,0,0,0,0,0,0,0,0,109,0,0
"ASV415","Bacteria","Firmicutes","Bacilli","Erysipelotrichales","Erysipelotrichaceae","Turicibacter",108,0,0,0,0,0,0,0,0,0,0,0,0,0,0,0,0,0,0,0,0,0,0,0,0,0,0,0,0
"ASV416","Bacteria","Actinobacteriota","Actinobacteria","Micrococcales","Microbacteriaceae","Microbacterium",0,0,0,0,108,0,0,0,0,0,0,0,0,0,0,0,0,0,0,0,0,0,0,0,0,0,0,0,0
"ASV417","Bacteria","Firmicutes","Bacilli","Lactobacillales","Leuconostocaceae","Leuconostoc",0,0,0,0,0,0,0,0,0,0,0,0,0,0,0,0,0,16,0,0,0,69,0,23,0,0,0,0,0
"ASV418","Bacteria","Proteobacteria","Gammaproteobacteria","Burkholderiales","Comamonadaceae","Comamonas",0,0,0,0,107,0,0,0,0,0,0,0,0,0,0,0,0,0,0,0,0,0,0,0,0,0,0,0,0
"ASV419","Bacteria","Firmicutes","Bacilli","Lactobacillales","Leuconostocaceae","Leuconostoc",0,0,0,0,0,0,0,0,0,0,0,0,0,0,0,0,0,0,0,0,0,0,0,0,107,0,0,0,0
"ASV420","Bacteria","Firmicutes","Bacilli","Paenibacillales","Paenibacillaceae","Paenibacillus",106,0,0,0,0,0,0,0,0,0,0,0,0,0,0,0,0,0,0,0,0,0,0,0,0,0,0,0,0
"ASV421","Bacteria","Firmicutes","Bacilli","Lactobacillales","Streptococcaceae","Lactococcus",0,0,0,0,0,0,0,0,0,0,0,0,0,0,0,0,0,0,0,0,0,106,0,0,0,0,0,0,0
"ASV422","Bacteria","Firmicutes","Clostridia","Lachnospirales","Lachnospiraceae","Lachnoclostridium",105,0,0,0,0,0,0,0,0,0,0,0,0,0,0,0,0,0,0,0,0,0,0,0,0,0,0,0,0
"ASV423","Bacteria","Firmicutes","Clostridia","Clostridiales","Clostridiaceae","Clostridium_sensu_stricto_13",105,0,0,0,0,0,0,0,0,0,0,0,0,0,0,0,0,0,0,0,0,0,0,0,0,0,0,0,0
"ASV424","Bacteria","Actinobacteriota","Actinobacteria","Micrococcales","Microbacteriaceae","Microbacterium",0,0,0,0,104,0,0,0,0,0,0,0,0,0,0,0,0,0,0,0,0,0,0,0,0,0,0,0,0
"ASV425","Bacteria","Proteobacteria","Gammaproteobacteria","Pseudomonadales","Moraxellaceae","Acinetobacter",0,0,0,0,104,0,0,0,0,0,0,0,0,0,0,0,0,0,0,0,0,0,0,0,0,0,0,0,0
"ASV426","Bacteria","Proteobacteria","Gammaproteobacteria","Pseudomonadales","Pseudomonadaceae","Pseudomonas",0,0,0,0,0,0,0,0,0,0,0,27,0,0,0,0,0,0,0,0,0,19,0,12,29,17,0,0,0
"ASV427","Bacteria","Firmicutes","Bacilli","Staphylococcales","Staphylococcaceae","Staphylococcus",103,0,0,0,0,0,0,0,0,0,0,0,0,0,0,0,0,0,0,0,0,0,0,0,0,0,0,0,0
"ASV428","Bacteria","Firmicutes","Clostridia","Peptostreptococcales-Tissierellales","Peptostreptococcaceae","Romboutsia",0,0,103,0,0,0,0,0,0,0,0,0,0,0,0,0,0,0,0,0,0,0,0,0,0,0,0,0,0
"ASV429","Bacteria","Proteobacteria","Alphaproteobacteria","Rhizobiales","Rhizobiaceae","Allorhizobium-Neorhizobium-Pararhizobium-Rhizobium",0,0,0,0,103,0,0,0,0,0,0,0,0,0,0,0,0,0,0,0,0,0,0,0,0,0,0,0,0
"ASV430","Bacteria","Proteobacteria","Alphaproteobacteria","Rhizobiales","Beijerinckiaceae","Methylobacterium-Methylorubrum",0,0,0,0,0,0,13,0,0,8,0,9,0,0,0,9,0,12,9,19,20,0,0,0,0,0,0,4,0
"ASV431","Bacteria","Actinobacteriota","Actinobacteria","Micrococcales","Microbacteriaceae","Leucobacter",0,0,0,0,0,0,0,0,0,0,0,18,0,0,0,0,28,0,0,0,0,0,0,0,13,21,0,23,0
"ASV432","Bacteria","Firmicutes","Bacilli","Lactobacillales","Enterococcaceae","Enterococcus",0,0,0,0,0,0,0,0,0,0,0,0,0,0,0,0,0,0,0,0,6,97,0,0,0,0,0,0,0
"ASV433","Bacteria","Bacteroidota","Bacteroidia","Sphingobacteriales","Sphingobacteriaceae","Pedobacter",0,0,0,0,102,0,0,0,0,0,0,0,0,0,0,0,0,0,0,0,0,0,0,0,0,0,0,0,0
"ASV434","Bacteria","Firmicutes","Bacilli","Bacillales","Bacillaceae","Bacillus",0,0,101,0,0,0,0,0,0,0,0,0,0,0,0,0,0,0,0,0,0,0,0,0,0,0,0,0,0
"ASV435","Bacteria","Firmicutes","Bacilli","Lactobacillales","Lactobacillaceae","Lactobacillus",0,0,0,0,0,0,0,0,0,0,0,0,0,0,0,0,0,0,0,0,0,0,0,0,0,0,0,101,0
"ASV437","Bacteria","Firmicutes","Bacilli","Lactobacillales","Lactobacillaceae","Lactobacillus",0,0,0,0,0,0,0,0,0,0,0,0,0,0,0,0,0,0,0,0,0,0,0,99,0,0,0,0,0
"ASV438","Bacteria","Firmicutes","Bacilli","Paenibacillales","Paenibacillaceae","Paenibacillus",98,0,0,0,0,0,0,0,0,0,0,0,0,0,0,0,0,0,0,0,0,0,0,0,0,0,0,0,0
"ASV439","Bacteria","Actinobacteriota","Actinobacteria","Micrococcales","Microbacteriaceae","Herbiconiux",0,0,0,0,98,0,0,0,0,0,0,0,0,0,0,0,0,0,0,0,0,0,0,0,0,0,0,0,0
"ASV440","Bacteria","Bacteroidota","Bacteroidia","Flavobacteriales","Weeksellaceae","Chryseobacterium",0,0,0,0,0,0,0,24,0,0,0,0,0,0,3,0,0,0,0,0,0,0,0,0,0,0,71,0,0
"ASV441","Bacteria","Firmicutes","Bacilli","Thermoactinomycetales","Thermoactinomycetaceae","Thermoactinomyces",97,0,0,0,0,0,0,0,0,0,0,0,0,0,0,0,0,0,0,0,0,0,0,0,0,0,0,0,0
"ASV442","Bacteria","Actinobacteriota","Thermoleophilia","Solirubrobacterales","Solirubrobacteraceae","Patulibacter",0,0,0,0,97,0,0,0,0,0,0,0,0,0,0,0,0,0,0,0,0,0,0,0,0,0,0,0,0
"ASV443","Bacteria","Proteobacteria","Alphaproteobacteria","Rhodobacterales","Rhodobacteraceae","Pseudorhodobacter",0,0,0,0,80,0,0,0,0,0,0,17,0,0,0,0,0,0,0,0,0,0,0,0,0,0,0,0,0
"ASV444","Bacteria","Firmicutes","Bacilli","Lactobacillales","Lactobacillaceae","Pediococcus",0,0,96,0,0,0,0,0,0,0,0,0,0,0,0,0,0,0,0,0,0,0,0,0,0,0,0,0,0
"ASV445","Bacteria","Bacteroidota","Bacteroidia","Flavobacteriales","Flavobacteriaceae","Flavobacterium",0,0,0,0,96,0,0,0,0,0,0,0,0,0,0,0,0,0,0,0,0,0,0,0,0,0,0,0,0
"ASV446","Bacteria","Firmicutes","Clostridia","Clostridiales","Clostridiaceae","Clostridium_sensu_stricto_10",95,0,0,0,0,0,0,0,0,0,0,0,0,0,0,0,0,0,0,0,0,0,0,0,0,0,0,0,0
"ASV447","Bacteria","Actinobacteriota","Actinobacteria","Propionibacteriales","Propionibacteriaceae","Cutibacterium",42,0,0,53,0,0,0,0,0,0,0,0,0,0,0,0,0,0,0,0,0,0,0,0,0,0,0,0,0
"ASV448","Bacteria","Firmicutes","Bacilli","Bacillales","Planococcaceae","Paenisporosarcina",0,0,95,0,0,0,0,0,0,0,0,0,0,0,0,0,0,0,0,0,0,0,0,0,0,0,0,0,0
"ASV449","Bacteria","Proteobacteria","Alphaproteobacteria","Sphingomonadales","Sphingomonadaceae","Sphingomonas",0,0,0,0,95,0,0,0,0,0,0,0,0,0,0,0,0,0,0,0,0,0,0,0,0,0,0,0,0
"ASV450","Bacteria","Firmicutes","Bacilli","Bacillales","Planococcaceae","Lysinibacillus",0,0,94,0,0,0,0,0,0,0,0,0,0,0,0,0,0,0,0,0,0,0,0,0,0,0,0,0,0
"ASV451","Bacteria","Proteobacteria","Gammaproteobacteria","Pseudomonadales","Moraxellaceae","Acinetobacter",0,0,0,0,94,0,0,0,0,0,0,0,0,0,0,0,0,0,0,0,0,0,0,0,0,0,0,0,0
"ASV452","Bacteria","Proteobacteria","Alphaproteobacteria","Rhizobiales","Rhizobiaceae","Allorhizobium-Neorhizobium-Pararhizobium-Rhizobium",0,0,0,0,93,0,0,0,0,0,0,0,0,0,0,0,0,0,0,0,0,0,0,0,0,0,0,0,0
"ASV453","Bacteria","Proteobacteria","Gammaproteobacteria","Burkholderiales","Oxalobacteraceae","Herminiimonas",0,0,0,0,93,0,0,0,0,0,0,0,0,0,0,0,0,0,0,0,0,0,0,0,0,0,0,0,0
"ASV454","Bacteria","Proteobacteria","Alphaproteobacteria","Rhizobiales","Hyphomicrobiaceae","Hyphomicrobium",0,0,0,0,91,0,0,0,0,0,0,0,0,0,0,2,0,0,0,0,0,0,0,0,0,0,0,0,0
"ASV455","Bacteria","Firmicutes","Bacilli","Staphylococcales","Staphylococcaceae","Staphylococcus",0,0,0,0,0,0,0,0,0,0,0,0,0,0,0,0,0,29,25,25,0,14,0,0,0,0,0,0,0
"ASV456","Bacteria","Firmicutes","Bacilli","Lactobacillales","Lactobacillaceae","Lactobacillus",0,0,0,0,0,0,0,0,0,0,0,0,0,0,0,0,0,0,0,0,0,0,0,0,36,0,0,57,0
"ASV457","Bacteria","Firmicutes","Bacilli","Paenibacillales","Paenibacillaceae","Paenibacillus",92,0,0,0,0,0,0,0,0,0,0,0,0,0,0,0,0,0,0,0,0,0,0,0,0,0,0,0,0
"ASV458","Bacteria","Firmicutes","Bacilli","Bacillales","Bacillaceae",NA,0,0,92,0,0,0,0,0,0,0,0,0,0,0,0,0,0,0,0,0,0,0,0,0,0,0,0,0,0
"ASV459","Bacteria","Firmicutes","Bacilli","Paenibacillales","Paenibacillaceae","Ammoniphilus",0,0,92,0,0,0,0,0,0,0,0,0,0,0,0,0,0,0,0,0,0,0,0,0,0,0,0,0,0
"ASV460","Bacteria","Firmicutes","Bacilli","Bacillales","Bacillaceae","Bacillus",0,0,0,0,0,0,0,0,0,0,0,0,0,0,0,0,0,92,0,0,0,0,0,0,0,0,0,0,0
"ASV461","Bacteria","Actinobacteriota","Actinobacteria","Micrococcales","Micrococcaceae","Glutamicibacter",0,0,0,0,0,0,0,0,0,0,0,0,0,0,0,0,0,0,0,0,0,0,0,0,0,0,92,0,0
"ASV462","Bacteria","Firmicutes","Bacilli","Bacillales","Bacillaceae","Bacillus",0,0,0,0,0,0,0,0,0,0,0,0,0,0,0,0,0,0,58,0,0,0,0,0,0,0,33,0,0
"ASV463","Bacteria","Proteobacteria","Alphaproteobacteria","Rhizobiales","Beijerinckiaceae","Methylobacterium-Methylorubrum",0,0,90,0,0,0,0,0,0,0,0,0,0,0,0,0,0,0,0,0,0,0,0,0,0,0,0,0,0
"ASV465","Bacteria","Proteobacteria","Gammaproteobacteria","Enterobacterales","Erwiniaceae","Erwinia",0,0,0,0,0,18,0,0,0,0,0,0,0,0,0,0,0,27,0,0,0,22,0,0,22,0,0,0,0
"ASV466","Bacteria","Firmicutes","Bacilli","Lactobacillales","Lactobacillaceae","Lactobacillus",0,0,0,0,0,0,0,0,0,0,0,0,0,0,0,0,0,0,0,0,0,0,0,89,0,0,0,0,0
"ASV467","Bacteria","Proteobacteria","Gammaproteobacteria","Oceanospirillales","Halomonadaceae","Halomonas",0,3,0,0,0,0,0,0,0,0,0,0,0,0,0,0,85,0,0,0,0,0,0,0,0,0,0,0,0
"ASV468","Bacteria","Proteobacteria","Alphaproteobacteria","Rhizobiales","Xanthobacteraceae","Rhodopseudomonas",0,0,0,0,88,0,0,0,0,0,0,0,0,0,0,0,0,0,0,0,0,0,0,0,0,0,0,0,0
"ASV469","Bacteria","Proteobacteria","Gammaproteobacteria","Pseudomonadales","Pseudomonadaceae","Pseudomonas",0,0,0,0,88,0,0,0,0,0,0,0,0,0,0,0,0,0,0,0,0,0,0,0,0,0,0,0,0
"ASV470","Bacteria","Firmicutes","Bacilli","Thermoactinomycetales","Thermoactinomycetaceae","Thermoflavimicrobium",87,0,0,0,0,0,0,0,0,0,0,0,0,0,0,0,0,0,0,0,0,0,0,0,0,0,0,0,0
"ASV471","Bacteria","Actinobacteriota","Actinobacteria","Micrococcales","Micrococcaceae","Pseudarthrobacter",0,0,0,0,87,0,0,0,0,0,0,0,0,0,0,0,0,0,0,0,0,0,0,0,0,0,0,0,0
"ASV472","Bacteria","Proteobacteria","Gammaproteobacteria","Pseudomonadales","Moraxellaceae","Acinetobacter",0,0,0,0,0,13,0,0,0,0,0,0,0,0,0,0,0,22,0,0,0,0,0,0,30,0,22,0,0
"ASV473","Bacteria","Firmicutes","Clostridia","Clostridiales","Clostridiaceae","Clostridium_sensu_stricto_3",0,0,86,0,0,0,0,0,0,0,0,0,0,0,0,0,0,0,0,0,0,0,0,0,0,0,0,0,0
"ASV474","Bacteria","Actinobacteriota","Actinobacteria","Micrococcales","Microbacteriaceae","Leucobacter",0,0,86,0,0,0,0,0,0,0,0,0,0,0,0,0,0,0,0,0,0,0,0,0,0,0,0,0,0
"ASV475","Bacteria","Proteobacteria","Gammaproteobacteria","Pseudomonadales","Pseudomonadaceae","Pseudomonas",0,0,0,0,86,0,0,0,0,0,0,0,0,0,0,0,0,0,0,0,0,0,0,0,0,0,0,0,0
"ASV476","Bacteria","Proteobacteria","Gammaproteobacteria","Pseudomonadales","Pseudomonadaceae","Pseudomonas",0,0,0,0,65,0,0,0,0,0,0,0,0,0,0,0,0,21,0,0,0,0,0,0,0,0,0,0,0
"ASV477","Bacteria","Firmicutes","Clostridia","Christensenellales","Christensenellaceae","Christensenellaceae_R-7_group",85,0,0,0,0,0,0,0,0,0,0,0,0,0,0,0,0,0,0,0,0,0,0,0,0,0,0,0,0
"ASV478","Bacteria","Firmicutes","Bacilli","Bacillales","Bacillaceae","Bacillus",85,0,0,0,0,0,0,0,0,0,0,0,0,0,0,0,0,0,0,0,0,0,0,0,0,0,0,0,0
"ASV479","Bacteria","Firmicutes","Bacilli","Bacillales","Bacillaceae","Bacillus",0,0,85,0,0,0,0,0,0,0,0,0,0,0,0,0,0,0,0,0,0,0,0,0,0,0,0,0,0
"ASV480","Bacteria","Firmicutes","Bacilli","Bacillales","Bacillaceae","Bacillus",84,0,0,0,0,0,0,0,0,0,0,0,0,0,0,0,0,0,0,0,0,0,0,0,0,0,0,0,0
"ASV481","Bacteria","Firmicutes","Bacilli","Bacillales","Planococcaceae","Lysinibacillus",0,0,84,0,0,0,0,0,0,0,0,0,0,0,0,0,0,0,0,0,0,0,0,0,0,0,0,0,0
"ASV482","Bacteria","Bacteroidota","Bacteroidia","Sphingobacteriales","Sphingobacteriaceae","Pedobacter",0,0,0,0,83,0,0,0,0,0,0,0,0,0,0,0,0,0,0,0,0,0,0,0,0,0,0,0,0
"ASV483","Bacteria","Proteobacteria","Gammaproteobacteria","Burkholderiales","Methylophilaceae","Methylophilus",0,0,0,0,83,0,0,0,0,0,0,0,0,0,0,0,0,0,0,0,0,0,0,0,0,0,0,0,0
"ASV484","Bacteria","Proteobacteria","Gammaproteobacteria","Pseudomonadales","Moraxellaceae","Acinetobacter",0,0,0,0,0,0,0,0,0,0,0,0,0,0,0,0,83,0,0,0,0,0,0,0,0,0,0,0,0
"ASV485","Bacteria","Firmicutes","Bacilli","Lactobacillales","Streptococcaceae","Lactococcus",0,0,0,0,0,0,0,0,0,0,0,0,0,0,0,0,0,83,0,0,0,0,0,0,0,0,0,0,0
"ASV486","Bacteria","Firmicutes","Clostridia","Peptostreptococcales-Tissierellales","Peptostreptococcales-Tissierellales_fa","Finegoldia",0,0,82,0,0,0,0,0,0,0,0,0,0,0,0,0,0,0,0,0,0,0,0,0,0,0,0,0,0
"ASV487","Bacteria","Firmicutes","Clostridia","Lachnospirales","Lachnospiraceae","Anaerocolumna",0,0,82,0,0,0,0,0,0,0,0,0,0,0,0,0,0,0,0,0,0,0,0,0,0,0,0,0,0
"ASV488","Bacteria","Bacteroidota","Bacteroidia","Sphingobacteriales","Sphingobacteriaceae","Pedobacter",0,0,0,0,82,0,0,0,0,0,0,0,0,0,0,0,0,0,0,0,0,0,0,0,0,0,0,0,0
"ASV489","Bacteria","Proteobacteria","Alphaproteobacteria","Rhizobiales","Rhizobiaceae","Pseudochrobactrum",0,0,0,0,0,0,0,0,0,0,0,10,0,0,0,0,0,0,0,0,0,0,0,0,0,34,0,38,0
"ASV490","Bacteria","Firmicutes","Bacilli","Lactobacillales","Streptococcaceae","Lactococcus",0,0,0,0,0,0,0,0,0,0,0,0,0,0,0,0,0,0,0,0,0,0,0,82,0,0,0,0,0
"ASV491","Bacteria","Bacteroidota","Bacteroidia","Flavobacteriales","Flavobacteriaceae","Myroides",0,0,0,0,0,0,0,0,0,0,0,0,0,0,0,0,0,0,0,0,0,0,0,0,82,0,0,0,0
"ASV492","Bacteria","Proteobacteria","Gammaproteobacteria","Burkholderiales","Oxalobacteraceae","Massilia",0,0,0,0,81,0,0,0,0,0,0,0,0,0,0,0,0,0,0,0,0,0,0,0,0,0,0,0,0
"ASV493","Bacteria","Firmicutes","Bacilli","Paenibacillales","Paenibacillaceae","Paenibacillus",0,0,80,0,0,0,0,0,0,0,0,0,0,0,0,0,0,0,0,0,0,0,0,0,0,0,0,0,0
"ASV494","Bacteria","Proteobacteria","Gammaproteobacteria","Pseudomonadales","Moraxellaceae","Acinetobacter",0,0,0,0,0,41,0,0,0,0,0,0,0,8,0,0,0,31,0,0,0,0,0,0,0,0,0,0,0
"ASV495","Bacteria","Firmicutes","Bacilli","Lactobacillales","Enterococcaceae","Enterococcus",0,0,0,0,0,0,0,0,0,0,0,0,0,0,0,0,0,0,0,0,0,0,80,0,0,0,0,0,0
"ASV496","Bacteria","Proteobacteria","Gammaproteobacteria","Enterobacterales","Enterobacteriaceae","Klebsiella",0,0,0,0,0,0,0,0,0,0,0,0,0,0,0,0,0,0,0,0,0,0,0,0,0,0,0,80,0
"ASV497","Bacteria","Proteobacteria","Gammaproteobacteria","Burkholderiales","Comamonadaceae","Comamonas",0,0,0,0,0,8,0,7,5,0,0,0,0,0,0,0,0,11,0,0,0,0,0,34,0,0,14,0,0
"ASV499","Bacteria","Firmicutes","Bacilli","Lactobacillales","Streptococcaceae","Streptococcus",0,0,78,0,0,0,0,0,0,0,0,0,0,0,0,0,0,0,0,0,0,0,0,0,0,0,0,0,0
"ASV501","Bacteria","Proteobacteria","Gammaproteobacteria","Burkholderiales","Comamonadaceae","Variovorax",0,0,0,0,78,0,0,0,0,0,0,0,0,0,0,0,0,0,0,0,0,0,0,0,0,0,0,0,0
"ASV502","Bacteria","Proteobacteria","Alphaproteobacteria","Acetobacterales","Acetobacteraceae","Komagataeibacter",77,0,0,0,0,0,0,0,0,0,0,0,0,0,0,0,0,0,0,0,0,0,0,0,0,0,0,0,0
"ASV503","Bacteria","Firmicutes","Clostridia","Clostridia_or","Hungateiclostridiaceae","UCG-012",0,0,77,0,0,0,0,0,0,0,0,0,0,0,0,0,0,0,0,0,0,0,0,0,0,0,0,0,0
"ASV504","Bacteria","Proteobacteria","Gammaproteobacteria","Xanthomonadales","Xanthomonadaceae","Xanthomonas",0,0,0,0,77,0,0,0,0,0,0,0,0,0,0,0,0,0,0,0,0,0,0,0,0,0,0,0,0
"ASV506","Bacteria","Proteobacteria","Gammaproteobacteria","Burkholderiales","Oxalobacteraceae","Duganella",0,0,0,0,77,0,0,0,0,0,0,0,0,0,0,0,0,0,0,0,0,0,0,0,0,0,0,0,0
"ASV507","Bacteria","Proteobacteria","Gammaproteobacteria","Pseudomonadales","Moraxellaceae","Acinetobacter",0,0,0,0,77,0,0,0,0,0,0,0,0,0,0,0,0,0,0,0,0,0,0,0,0,0,0,0,0
"ASV508","Bacteria","Actinobacteriota","Actinobacteria","Micrococcales","Micrococcaceae","Kocuria",0,0,0,0,0,0,0,0,0,0,0,0,0,0,0,0,77,0,0,0,0,0,0,0,0,0,0,0,0
"ASV509","Bacteria","Proteobacteria","Gammaproteobacteria","Enterobacterales","Enterobacteriaceae","Enterobacter",0,0,0,0,0,0,0,0,0,0,0,0,0,0,0,0,0,0,0,0,0,0,77,0,0,0,0,0,0
"ASV510","Bacteria","Bacteroidota","Bacteroidia","Flavobacteriales","Flavobacteriaceae","Flavobacterium",0,0,0,0,76,0,0,0,0,0,0,0,0,0,0,0,0,0,0,0,0,0,0,0,0,0,0,0,0
"ASV511","Bacteria","Proteobacteria","Gammaproteobacteria","Enterobacterales","Enterobacteriaceae","Enterobacter",0,0,0,0,0,0,0,0,0,0,0,0,0,0,0,0,0,0,0,0,17,0,0,0,23,0,36,0,0
"ASV512","Bacteria","Firmicutes","Bacilli","Paenibacillales","Paenibacillaceae","Paenibacillus",75,0,0,0,0,0,0,0,0,0,0,0,0,0,0,0,0,0,0,0,0,0,0,0,0,0,0,0,0
"ASV513","Bacteria","Proteobacteria","Gammaproteobacteria","Alteromonadales","Idiomarinaceae","Aliidiomarina",0,0,0,0,75,0,0,0,0,0,0,0,0,0,0,0,0,0,0,0,0,0,0,0,0,0,0,0,0
"ASV514","Archaea","Halobacterota","Halobacteria","Halobacterales","Haloferacaceae","Halorubrum",0,0,0,0,75,0,0,0,0,0,0,0,0,0,0,0,0,0,0,0,0,0,0,0,0,0,0,0,0
"ASV515","Bacteria","Proteobacteria","Gammaproteobacteria","Pseudomonadales","Pseudomonadaceae","Pseudomonas",0,0,0,0,75,0,0,0,0,0,0,0,0,0,0,0,0,0,0,0,0,0,0,0,0,0,0,0,0
"ASV516","Bacteria","Proteobacteria","Gammaproteobacteria","Enterobacterales","Enterobacteriaceae","Lelliottia",0,0,0,0,0,0,0,0,0,0,0,0,0,0,0,0,0,0,0,0,0,0,0,0,0,0,0,0,75
"ASV517","Bacteria","Firmicutes","Bacilli","Paenibacillales","Paenibacillaceae","Paenibacillus",0,0,74,0,0,0,0,0,0,0,0,0,0,0,0,0,0,0,0,0,0,0,0,0,0,0,0,0,0
"ASV518","Bacteria","Firmicutes","Clostridia","Lachnospirales","Lachnospiraceae","Lachnoclostridium",0,0,74,0,0,0,0,0,0,0,0,0,0,0,0,0,0,0,0,0,0,0,0,0,0,0,0,0,0
"ASV519","Bacteria","Firmicutes","Clostridia","Lachnospirales","Lachnospiraceae","Herbinix",0,0,74,0,0,0,0,0,0,0,0,0,0,0,0,0,0,0,0,0,0,0,0,0,0,0,0,0,0
"ASV520","Bacteria","Proteobacteria","Alphaproteobacteria","Sphingomonadales","Sphingomonadaceae","Sphingobium",0,0,0,0,74,0,0,0,0,0,0,0,0,0,0,0,0,0,0,0,0,0,0,0,0,0,0,0,0
"ASV521","Bacteria","Bacteroidota","Bacteroidia","Sphingobacteriales","Sphingobacteriaceae","Pedobacter",0,0,0,0,74,0,0,0,0,0,0,0,0,0,0,0,0,0,0,0,0,0,0,0,0,0,0,0,0
"ASV522","Bacteria","Proteobacteria","Gammaproteobacteria","Burkholderiales","Alcaligenaceae","Achromobacter",0,0,0,0,0,0,0,0,0,0,0,0,0,0,0,0,0,0,0,0,0,0,0,0,0,28,19,27,0
"ASV523","Bacteria","Firmicutes","Bacilli","Bacillales","Bacillaceae","Bacillus",73,0,0,0,0,0,0,0,0,0,0,0,0,0,0,0,0,0,0,0,0,0,0,0,0,0,0,0,0
"ASV524","Bacteria","Firmicutes","Desulfotomaculia","Desulfotomaculales","Desulfotomaculales_fa","Desulfohalotomaculum",0,0,73,0,0,0,0,0,0,0,0,0,0,0,0,0,0,0,0,0,0,0,0,0,0,0,0,0,0
"ASV525","Bacteria","Firmicutes","Clostridia","Clostridiales","Clostridiaceae","Clostridium_sensu_stricto_1",0,0,0,73,0,0,0,0,0,0,0,0,0,0,0,0,0,0,0,0,0,0,0,0,0,0,0,0,0
"ASV526","Bacteria","Actinobacteriota","Actinobacteria","Corynebacteriales","Corynebacteriaceae","Corynebacterium",0,0,0,49,24,0,0,0,0,0,0,0,0,0,0,0,0,0,0,0,0,0,0,0,0,0,0,0,0
"ASV527","Bacteria","Proteobacteria","Alphaproteobacteria","Rhizobiales","Rhizobiaceae","Allorhizobium-Neorhizobium-Pararhizobium-Rhizobium",0,0,0,0,73,0,0,0,0,0,0,0,0,0,0,0,0,0,0,0,0,0,0,0,0,0,0,0,0
"ASV528","Bacteria","Firmicutes","Clostridia","Oscillospirales","Ethanoligenenaceae","Ethanoligenens",0,0,72,0,0,0,0,0,0,0,0,0,0,0,0,0,0,0,0,0,0,0,0,0,0,0,0,0,0
"ASV529","Bacteria","Proteobacteria","Gammaproteobacteria","Pseudomonadales","Moraxellaceae","Acinetobacter",0,0,0,72,0,0,0,0,0,0,0,0,0,0,0,0,0,0,0,0,0,0,0,0,0,0,0,0,0
"ASV530","Bacteria","Bacteroidota","Bacteroidia","Flavobacteriales","Flavobacteriaceae","Flavobacterium",0,0,0,0,0,0,0,0,0,0,0,0,0,0,0,0,0,0,0,0,0,0,0,0,72,0,0,0,0
"ASV531","Bacteria","Proteobacteria","Alphaproteobacteria","Caulobacterales","Caulobacteraceae","Brevundimonas",0,0,0,0,0,0,0,0,0,0,0,0,0,0,0,0,0,0,0,0,0,0,0,0,12,29,0,31,0
"ASV532","Bacteria","Bacteroidota","Bacteroidia","Bacteroidales","Porphyromonadaceae","Porphyromonas",0,0,71,0,0,0,0,0,0,0,0,0,0,0,0,0,0,0,0,0,0,0,0,0,0,0,0,0,0
"ASV533","Bacteria","Proteobacteria","Gammaproteobacteria","Enterobacterales","Enterobacteriaceae","Lelliottia",0,0,71,0,0,0,0,0,0,0,0,0,0,0,0,0,0,0,0,0,0,0,0,0,0,0,0,0,0
"ASV534","Bacteria","Proteobacteria","Gammaproteobacteria","Pseudomonadales","Pseudomonadaceae","Pseudomonas",0,0,0,0,71,0,0,0,0,0,0,0,0,0,0,0,0,0,0,0,0,0,0,0,0,0,0,0,0
"ASV535","Bacteria","Patescibacteria","Saccharimonadia","Saccharimonadales","Saccharimonadaceae","TM7a",0,0,0,0,67,0,0,0,0,0,0,0,0,0,0,0,0,0,0,4,0,0,0,0,0,0,0,0,0
"ASV536","Bacteria","Actinobacteriota","Actinobacteria","Micrococcales","Micrococcaceae","Glutamicibacter",0,0,0,0,0,0,0,0,0,0,0,0,0,0,0,0,0,71,0,0,0,0,0,0,0,0,0,0,0
"ASV537","Bacteria","Proteobacteria","Gammaproteobacteria","Enterobacterales","Enterobacteriaceae","Citrobacter",0,0,0,0,0,0,0,0,0,0,0,0,0,0,0,0,0,9,0,10,0,0,0,0,30,0,0,0,22
"ASV538","Bacteria","Firmicutes","Clostridia","Peptostreptococcales-Tissierellales","Peptostreptococcaceae","Sporacetigenium",0,0,70,0,0,0,0,0,0,0,0,0,0,0,0,0,0,0,0,0,0,0,0,0,0,0,0,0,0
"ASV539","Bacteria","Actinobacteriota","Actinobacteria","Micrococcales","Microbacteriaceae","Microbacterium",0,0,0,0,0,0,0,0,18,0,0,31,0,0,0,0,0,0,0,0,0,0,0,0,0,0,21,0,0
"ASV540","Bacteria","Actinobacteriota","Actinobacteria","Micrococcales","Microbacteriaceae","Leucobacter",0,0,0,0,0,0,0,0,0,0,0,0,0,0,0,0,70,0,0,0,0,0,0,0,0,0,0,0,0
"ASV541","Bacteria","Proteobacteria","Gammaproteobacteria","Pseudomonadales","Pseudomonadaceae","Pseudomonas",0,0,0,0,0,0,0,0,0,0,0,0,0,0,0,0,70,0,0,0,0,0,0,0,0,0,0,0,0
"ASV542","Bacteria","Bacteroidota","Bacteroidia","Sphingobacteriales","Sphingobacteriaceae","Sphingobacterium",0,0,0,0,0,0,0,0,0,0,0,0,0,0,0,0,0,0,0,0,0,0,0,0,0,0,0,70,0
"ASV543","Bacteria","Firmicutes","Bacilli","Paenibacillales","Paenibacillaceae","Paenibacillus",0,0,69,0,0,0,0,0,0,0,0,0,0,0,0,0,0,0,0,0,0,0,0,0,0,0,0,0,0
"ASV544","Bacteria","Bacteroidota","Bacteroidia","Sphingobacteriales","Sphingobacteriaceae","Sphingobacterium",0,0,0,0,0,6,0,0,0,0,0,0,16,0,0,0,0,0,0,0,0,0,0,0,15,0,0,28,4
"ASV545","Bacteria","Proteobacteria","Gammaproteobacteria","Enterobacterales","Enterobacteriaceae",NA,0,0,0,0,0,0,0,0,0,0,0,0,0,0,0,0,0,0,69,0,0,0,0,0,0,0,0,0,0
"ASV546","Bacteria","Firmicutes","Bacilli","Paenibacillales","Paenibacillaceae","Paenibacillus",68,0,0,0,0,0,0,0,0,0,0,0,0,0,0,0,0,0,0,0,0,0,0,0,0,0,0,0,0
"ASV547","Bacteria","Actinobacteriota","Actinobacteria","Corynebacteriales","Corynebacteriaceae","Lawsonella",0,0,68,0,0,0,0,0,0,0,0,0,0,0,0,0,0,0,0,0,0,0,0,0,0,0,0,0,0
"ASV548","Bacteria","Proteobacteria","Gammaproteobacteria","Burkholderiales","Comamonadaceae","Curvibacter",0,0,68,0,0,0,0,0,0,0,0,0,0,0,0,0,0,0,0,0,0,0,0,0,0,0,0,0,0
"ASV549","Bacteria","Actinobacteriota","Actinobacteria","Corynebacteriales","Nocardiaceae","Rhodococcus",0,0,0,0,68,0,0,0,0,0,0,0,0,0,0,0,0,0,0,0,0,0,0,0,0,0,0,0,0
"ASV550","Bacteria","Actinobacteriota","Actinobacteria","Micrococcales","Microbacteriaceae",NA,0,0,0,0,47,0,0,0,0,0,5,0,0,0,0,0,0,0,5,11,0,0,0,0,0,0,0,0,0
"ASV551","Bacteria","Proteobacteria","Gammaproteobacteria","Xanthomonadales","Xanthomonadaceae","Stenotrophomonas",0,0,0,0,0,0,0,36,0,0,0,32,0,0,0,0,0,0,0,0,0,0,0,0,0,0,0,0,0
"ASV552","Bacteria","Firmicutes","Bacilli","Staphylococcales","Staphylococcaceae","Staphylococcus",0,0,0,0,0,0,0,0,0,0,0,0,0,0,0,0,0,0,68,0,0,0,0,0,0,0,0,0,0
"ASV553","Bacteria","Proteobacteria","Alphaproteobacteria","Rhizobiales","Rhizobiaceae","Ochrobactrum",0,0,0,0,0,0,0,0,0,0,0,0,0,0,0,0,0,0,0,0,0,0,0,0,17,28,0,23,0
"ASV554","Bacteria","Firmicutes","Bacilli","Lactobacillales","Leuconostocaceae","Weissella",0,0,0,0,0,0,0,0,0,0,0,0,0,0,0,0,0,0,0,0,0,0,0,0,0,0,0,0,68
"ASV555","Bacteria","Actinobacteriota","Actinobacteria","Propionibacteriales","Propionibacteriaceae","Cutibacterium",67,0,0,0,0,0,0,0,0,0,0,0,0,0,0,0,0,0,0,0,0,0,0,0,0,0,0,0,0
"ASV556","Bacteria","Firmicutes","Bacilli","Paenibacillales","Paenibacillaceae","Paenibacillus",67,0,0,0,0,0,0,0,0,0,0,0,0,0,0,0,0,0,0,0,0,0,0,0,0,0,0,0,0
"ASV557","Bacteria","Firmicutes","Bacilli","Bacillales","Bacillaceae","Bacillus",67,0,0,0,0,0,0,0,0,0,0,0,0,0,0,0,0,0,0,0,0,0,0,0,0,0,0,0,0
"ASV558","Bacteria","Bacteroidota","Bacteroidia","Flavobacteriales","Flavobacteriaceae","Flavobacterium",0,0,0,0,67,0,0,0,0,0,0,0,0,0,0,0,0,0,0,0,0,0,0,0,0,0,0,0,0
"ASV559","Bacteria","Actinobacteriota","Actinobacteria","Micrococcales","Microbacteriaceae",NA,0,0,0,0,67,0,0,0,0,0,0,0,0,0,0,0,0,0,0,0,0,0,0,0,0,0,0,0,0
"ASV560","Bacteria","Actinobacteriota","Actinobacteria","Micrococcales","Microbacteriaceae","Leucobacter",0,0,0,0,0,0,0,0,0,0,0,0,0,0,0,0,0,0,0,0,0,0,0,0,0,24,0,43,0
"ASV561","Bacteria","Dependentiae","Babeliae","Babeliales","Babeliaceae",NA,0,0,0,0,66,0,0,0,0,0,0,0,0,0,0,0,0,0,0,0,0,0,0,0,0,0,0,0,0
"ASV562","Bacteria","Proteobacteria","Gammaproteobacteria","Burkholderiales","Alcaligenaceae",NA,0,0,0,0,0,0,0,0,0,0,0,23,0,0,0,0,0,0,0,0,0,0,0,0,0,43,0,0,0
"ASV563","Bacteria","Firmicutes","Bacilli","Bacillales","Planococcaceae","Kurthia",0,0,0,0,0,0,0,0,0,0,0,0,0,0,0,0,66,0,0,0,0,0,0,0,0,0,0,0,0
"ASV564","Bacteria","Proteobacteria","Alphaproteobacteria","Rhizobiales","Xanthobacteraceae","Afipia",0,0,65,0,0,0,0,0,0,0,0,0,0,0,0,0,0,0,0,0,0,0,0,0,0,0,0,0,0
"ASV565","Bacteria","Proteobacteria","Gammaproteobacteria","Pseudomonadales","Moraxellaceae","Acinetobacter",0,0,65,0,0,0,0,0,0,0,0,0,0,0,0,0,0,0,0,0,0,0,0,0,0,0,0,0,0
"ASV566","Bacteria","Actinobacteriota","Actinobacteria","Propionibacteriales","Nocardioidaceae","Nocardioides",0,0,0,0,65,0,0,0,0,0,0,0,0,0,0,0,0,0,0,0,0,0,0,0,0,0,0,0,0
"ASV567","Bacteria","Proteobacteria","Gammaproteobacteria","Xanthomonadales","Xanthomonadaceae","Stenotrophomonas",0,0,0,0,0,0,0,0,0,0,0,0,65,0,0,0,0,0,0,0,0,0,0,0,0,0,0,0,0
"ASV568","Bacteria","Firmicutes","Bacilli","Lactobacillales","Leuconostocaceae","Weissella",0,0,0,0,0,0,0,0,0,0,0,0,0,0,0,0,0,0,0,0,0,65,0,0,0,0,0,0,0
"ASV569","Bacteria","Firmicutes","Bacilli","Paenibacillales","Paenibacillaceae","Paenibacillus",64,0,0,0,0,0,0,0,0,0,0,0,0,0,0,0,0,0,0,0,0,0,0,0,0,0,0,0,0
"ASV570","Bacteria","Actinobacteriota","Actinobacteria","Micrococcales","Micrococcaceae","Rothia",64,0,0,0,0,0,0,0,0,0,0,0,0,0,0,0,0,0,0,0,0,0,0,0,0,0,0,0,0
"ASV571","Bacteria","Actinobacteriota","Actinobacteria","Micrococcales","Microbacteriaceae",NA,0,0,64,0,0,0,0,0,0,0,0,0,0,0,0,0,0,0,0,0,0,0,0,0,0,0,0,0,0
"ASV572","Bacteria","Actinobacteriota","Actinobacteria","Micrococcales","Microbacteriaceae","Rathayibacter",0,0,0,0,64,0,0,0,0,0,0,0,0,0,0,0,0,0,0,0,0,0,0,0,0,0,0,0,0
"ASV573","Bacteria","Proteobacteria","Gammaproteobacteria","Burkholderiales","Comamonadaceae","Pseudorhodoferax",0,0,0,0,64,0,0,0,0,0,0,0,0,0,0,0,0,0,0,0,0,0,0,0,0,0,0,0,0
"ASV574","Bacteria","Proteobacteria","Gammaproteobacteria","Pseudomonadales","Pseudomonadaceae","Pseudomonas",0,0,0,0,0,0,0,0,0,0,0,0,0,0,0,0,0,0,0,0,0,0,64,0,0,0,0,0,0
"ASV575","Bacteria","Firmicutes","Bacilli","Paenibacillales","Paenibacillaceae","Ammoniphilus",63,0,0,0,0,0,0,0,0,0,0,0,0,0,0,0,0,0,0,0,0,0,0,0,0,0,0,0,0
"ASV576","Bacteria","Proteobacteria","Gammaproteobacteria","Burkholderiales","Neisseriaceae","Neisseria",0,0,63,0,0,0,0,0,0,0,0,0,0,0,0,0,0,0,0,0,0,0,0,0,0,0,0,0,0
"ASV577","Bacteria","Proteobacteria","Gammaproteobacteria","Burkholderiales","Alcaligenaceae","Oligella",0,0,63,0,0,0,0,0,0,0,0,0,0,0,0,0,0,0,0,0,0,0,0,0,0,0,0,0,0
"ASV578","Bacteria","Bacteroidota","Bacteroidia","Flavobacteriales","Flavobacteriaceae","Flavobacterium",0,0,0,0,63,0,0,0,0,0,0,0,0,0,0,0,0,0,0,0,0,0,0,0,0,0,0,0,0
"ASV579","Bacteria","Actinobacteriota","Actinobacteria","Corynebacteriales","Mycobacteriaceae","Mycobacterium",0,0,0,0,63,0,0,0,0,0,0,0,0,0,0,0,0,0,0,0,0,0,0,0,0,0,0,0,0
"ASV580","Bacteria","Firmicutes","Bacilli","Exiguobacterales","Exiguobacteraceae","Exiguobacterium",0,0,0,0,0,0,0,0,0,0,0,0,0,0,0,0,0,63,0,0,0,0,0,0,0,0,0,0,0
"ASV581","Bacteria","Actinobacteriota","Actinobacteria","Corynebacteriales","Corynebacteriaceae","Corynebacterium",0,0,0,0,0,0,0,0,0,0,0,0,0,0,0,0,62,0,0,0,0,0,0,0,0,0,0,0,0
"ASV582","Bacteria","Proteobacteria","Gammaproteobacteria","Pseudomonadales","Pseudomonadaceae","Pseudomonas",0,0,0,0,0,0,0,0,0,0,0,0,0,0,0,0,0,19,0,0,0,0,0,0,0,0,43,0,0
"ASV583","Bacteria","Proteobacteria","Gammaproteobacteria","Enterobacterales","Enterobacteriaceae","Enterobacter",0,0,0,0,0,0,0,0,0,0,0,0,0,0,0,0,0,0,0,0,23,0,0,0,20,0,19,0,0
"ASV584","Bacteria","Firmicutes","Bacilli","Paenibacillales","Paenibacillaceae","Saccharibacillus",0,0,0,0,61,0,0,0,0,0,0,0,0,0,0,0,0,0,0,0,0,0,0,0,0,0,0,0,0
"ASV585","Bacteria","Firmicutes","Bacilli","Aneurinibacillales","Aneurinibacillaceae","Aneurinibacillus",60,0,0,0,0,0,0,0,0,0,0,0,0,0,0,0,0,0,0,0,0,0,0,0,0,0,0,0,0
"ASV586","Bacteria","Proteobacteria","Gammaproteobacteria","Pseudomonadales","Moraxellaceae","Acinetobacter",0,0,0,0,0,0,0,0,0,0,0,0,0,0,0,0,0,0,0,0,0,0,15,0,0,45,0,0,0
"ASV587","Bacteria","Firmicutes","Bacilli","Bacillales","Bacillaceae",NA,0,0,59,0,0,0,0,0,0,0,0,0,0,0,0,0,0,0,0,0,0,0,0,0,0,0,0,0,0
"ASV588","Bacteria","Proteobacteria","Alphaproteobacteria","Sphingomonadales","Sphingomonadaceae","Sphingomonas",0,0,0,0,59,0,0,0,0,0,0,0,0,0,0,0,0,0,0,0,0,0,0,0,0,0,0,0,0
"ASV589","Bacteria","Firmicutes","Bacilli","Lactobacillales","Leuconostocaceae","Leuconostoc",0,0,0,0,0,0,0,0,0,0,0,0,0,0,0,0,0,59,0,0,0,0,0,0,0,0,0,0,0
"ASV590","Bacteria","Proteobacteria","Gammaproteobacteria","Aeromonadales","Aeromonadaceae","Aeromonas",0,0,0,0,0,0,0,0,0,0,0,0,0,0,0,0,0,15,0,0,0,0,0,0,7,37,0,0,0
"ASV591","Bacteria","Firmicutes","Bacilli","Lactobacillales","Enterococcaceae","Enterococcus",0,0,0,0,0,0,0,0,0,0,0,0,0,0,0,0,0,0,59,0,0,0,0,0,0,0,0,0,0
"ASV592","Bacteria","Firmicutes","Clostridia","Clostridiales","Clostridiaceae","Clostridium_sensu_stricto_1",58,0,0,0,0,0,0,0,0,0,0,0,0,0,0,0,0,0,0,0,0,0,0,0,0,0,0,0,0
"ASV593","Bacteria","Firmicutes","Bacilli","Paenibacillales","Paenibacillaceae","Cohnella",0,0,58,0,0,0,0,0,0,0,0,0,0,0,0,0,0,0,0,0,0,0,0,0,0,0,0,0,0
"ASV594","Bacteria","Firmicutes","Bacilli","Lactobacillales","Enterococcaceae","Enterococcus",0,0,58,0,0,0,0,0,0,0,0,0,0,0,0,0,0,0,0,0,0,0,0,0,0,0,0,0,0
"ASV595","Bacteria","Firmicutes","Bacilli","Staphylococcales","Staphylococcaceae","Staphylococcus",0,0,0,0,0,0,0,0,0,0,0,0,0,0,0,0,0,0,58,0,0,0,0,0,0,0,0,0,0
"ASV596","Bacteria","Firmicutes","Bacilli","Lactobacillales","Lactobacillaceae","Pediococcus",0,0,0,0,0,0,0,0,0,0,0,0,0,0,0,0,0,0,0,0,0,58,0,0,0,0,0,0,0
"ASV597","Bacteria","Actinobacteriota","Actinobacteria","Corynebacteriales","Corynebacteriaceae","Corynebacterium",0,0,57,0,0,0,0,0,0,0,0,0,0,0,0,0,0,0,0,0,0,0,0,0,0,0,0,0,0
"ASV598","Bacteria","Bacteroidota","Bacteroidia","Sphingobacteriales","Sphingobacteriaceae","Pedobacter",0,0,0,0,57,0,0,0,0,0,0,0,0,0,0,0,0,0,0,0,0,0,0,0,0,0,0,0,0
"ASV599","Bacteria","Bacteroidota","Bacteroidia","Sphingobacteriales","Sphingobacteriaceae","Pedobacter",0,0,0,0,55,0,0,0,0,0,0,0,0,0,0,0,0,2,0,0,0,0,0,0,0,0,0,0,0
"ASV600","Bacteria","Firmicutes","Bacilli","Bacillales","Bacillaceae","Bacillus",0,0,0,0,0,0,0,0,0,0,0,0,0,0,0,0,0,0,36,0,0,14,7,0,0,0,0,0,0
"ASV601","Bacteria","Firmicutes","Bacilli","Bacillales","Planococcaceae","Paenisporosarcina",0,0,56,0,0,0,0,0,0,0,0,0,0,0,0,0,0,0,0,0,0,0,0,0,0,0,0,0,0
"ASV602","Bacteria","Bacteroidota","Bacteroidia","Flavobacteriales","Flavobacteriaceae","Flavobacterium",0,0,0,0,56,0,0,0,0,0,0,0,0,0,0,0,0,0,0,0,0,0,0,0,0,0,0,0,0
"ASV603","Bacteria","Actinobacteriota","Actinobacteria","Propionibacteriales","Nocardioidaceae","Marmoricola",0,0,0,0,56,0,0,0,0,0,0,0,0,0,0,0,0,0,0,0,0,0,0,0,0,0,0,0,0
"ASV604","Bacteria","Proteobacteria","Gammaproteobacteria","Xanthomonadales","Xanthomonadaceae","Xanthomonas",0,0,0,0,0,0,0,0,0,0,0,0,0,0,0,0,0,0,0,56,0,0,0,0,0,0,0,0,0
"ASV605","Bacteria","Proteobacteria","Gammaproteobacteria","Enterobacterales","Enterobacteriaceae","Klebsiella",0,0,0,0,55,0,0,0,0,0,0,0,0,0,0,0,0,0,0,0,0,0,0,0,0,0,0,0,0
"ASV606","Archaea","Halobacterota","Halobacteria","Halobacterales","Haloferacaceae","Halorubrum",0,0,0,0,55,0,0,0,0,0,0,0,0,0,0,0,0,0,0,0,0,0,0,0,0,0,0,0,0
"ASV607","Bacteria","Proteobacteria","Gammaproteobacteria","Enterobacterales","Enterobacteriaceae",NA,0,0,0,0,0,0,0,0,0,0,0,0,55,0,0,0,0,0,0,0,0,0,0,0,0,0,0,0,0
"ASV608","Bacteria","Bacteroidota","Bacteroidia","Flavobacteriales","Weeksellaceae","Chryseobacterium",0,0,0,0,0,0,0,0,0,0,0,0,0,0,0,0,0,0,0,0,0,0,5,0,0,30,0,20,0
"ASV609","Bacteria","Firmicutes","Bacilli","Bacillales","Bacillaceae","Bacillus",0,0,54,0,0,0,0,0,0,0,0,0,0,0,0,0,0,0,0,0,0,0,0,0,0,0,0,0,0
"ASV610","Bacteria","Bacteroidota","Bacteroidia","Flavobacteriales","Flavobacteriaceae","Flavobacterium",0,0,0,0,54,0,0,0,0,0,0,0,0,0,0,0,0,0,0,0,0,0,0,0,0,0,0,0,0
"ASV611","Bacteria","Proteobacteria","Alphaproteobacteria","Rhizobiales","Beijerinckiaceae","Methylobacterium-Methylorubrum",0,0,0,0,54,0,0,0,0,0,0,0,0,0,0,0,0,0,0,0,0,0,0,0,0,0,0,0,0
"ASV612","Bacteria","Bacteroidota","Bacteroidia","Flavobacteriales","Flavobacteriaceae","Flavobacterium",0,0,0,0,54,0,0,0,0,0,0,0,0,0,0,0,0,0,0,0,0,0,0,0,0,0,0,0,0
"ASV613","Bacteria","Firmicutes","Bacilli","Lactobacillales","Enterococcaceae","Enterococcus",0,0,0,0,0,0,0,0,0,0,0,0,15,0,0,0,0,0,0,0,0,0,0,0,0,0,39,0,0
"ASV614","Bacteria","Firmicutes","Bacilli","Lactobacillales","Leuconostocaceae","Leuconostoc",0,0,0,0,0,0,0,0,0,0,0,0,0,0,0,0,0,0,0,0,0,0,54,0,0,0,0,0,0
"ASV615","Bacteria","Proteobacteria","Gammaproteobacteria","Burkholderiales","Alcaligenaceae","Achromobacter",0,0,0,0,0,0,0,0,0,0,0,0,0,0,0,0,0,0,0,0,0,0,0,0,0,0,0,54,0
"ASV616","Bacteria","Actinobacteriota","Actinobacteria","Micrococcales","Micrococcaceae","Kocuria",0,0,53,0,0,0,0,0,0,0,0,0,0,0,0,0,0,0,0,0,0,0,0,0,0,0,0,0,0
"ASV617","Archaea","Halobacterota","Halobacteria","Halobacterales","Haloferacaceae","Halorubrum",0,0,0,0,53,0,0,0,0,0,0,0,0,0,0,0,0,0,0,0,0,0,0,0,0,0,0,0,0
"ASV618","Bacteria","Proteobacteria","Gammaproteobacteria","Pseudomonadales","Pseudomonadaceae","Pseudomonas",0,0,0,0,53,0,0,0,0,0,0,0,0,0,0,0,0,0,0,0,0,0,0,0,0,0,0,0,0
"ASV619","Bacteria","Proteobacteria","Alphaproteobacteria","Rhizobiales","Devosiaceae","Devosia",0,0,0,0,53,0,0,0,0,0,0,0,0,0,0,0,0,0,0,0,0,0,0,0,0,0,0,0,0
"ASV620","Bacteria","Actinobacteriota","Actinobacteria","Propionibacteriales","Nocardioidaceae","Nocardioides",0,0,0,0,53,0,0,0,0,0,0,0,0,0,0,0,0,0,0,0,0,0,0,0,0,0,0,0,0
"ASV621","Bacteria","Firmicutes","Bacilli","Lactobacillales","Lactobacillaceae","Pediococcus",0,0,0,0,0,0,0,0,0,0,0,0,0,0,0,0,0,0,0,0,0,0,53,0,0,0,0,0,0
"ASV622","Bacteria","Proteobacteria","Gammaproteobacteria","Enterobacterales","Enterobacteriaceae","Citrobacter",0,0,0,0,0,0,0,0,0,0,0,0,0,0,0,0,0,0,0,0,0,0,0,53,0,0,0,0,0
"ASV623","Bacteria","Firmicutes","Clostridia","Lachnospirales","Lachnospiraceae","Anaerocolumna",0,0,52,0,0,0,0,0,0,0,0,0,0,0,0,0,0,0,0,0,0,0,0,0,0,0,0,0,0
"ASV624","Bacteria","Firmicutes","Clostridia","Lachnospirales","Lachnospiraceae","Lachnospiraceae_NK4A136_group",0,0,52,0,0,0,0,0,0,0,0,0,0,0,0,0,0,0,0,0,0,0,0,0,0,0,0,0,0
"ASV625","Bacteria","Proteobacteria","Gammaproteobacteria","Burkholderiales","Comamonadaceae","Xylophilus",0,0,0,0,52,0,0,0,0,0,0,0,0,0,0,0,0,0,0,0,0,0,0,0,0,0,0,0,0
"ASV626","Bacteria","Proteobacteria","Gammaproteobacteria","Pseudomonadales","Moraxellaceae","Acinetobacter",0,0,0,0,52,0,0,0,0,0,0,0,0,0,0,0,0,0,0,0,0,0,0,0,0,0,0,0,0
"ASV627","Bacteria","Bacteroidota","Bacteroidia","Sphingobacteriales","Sphingobacteriaceae","Sphingobacterium",0,0,0,0,0,0,0,0,0,0,0,0,37,0,0,0,0,0,0,0,0,0,0,0,15,0,0,0,0
"ASV628","Bacteria","Firmicutes","Bacilli","Bacillales","Bacillaceae","Bacillus",41,10,0,0,0,0,0,0,0,0,0,0,0,0,0,0,0,0,0,0,0,0,0,0,0,0,0,0,0
"ASV629","Bacteria","Proteobacteria","Gammaproteobacteria","Vibrionales","Vibrionaceae","Photobacterium",0,0,51,0,0,0,0,0,0,0,0,0,0,0,0,0,0,0,0,0,0,0,0,0,0,0,0,0,0
"ASV630","Bacteria","Bacteroidota","Bacteroidia","Flavobacteriales","Weeksellaceae","Chryseobacterium",0,0,0,0,51,0,0,0,0,0,0,0,0,0,0,0,0,0,0,0,0,0,0,0,0,0,0,0,0
"ASV631","Bacteria","Bacteroidota","Bacteroidia","Flavobacteriales","Flavobacteriaceae","Flavobacterium",0,0,0,0,51,0,0,0,0,0,0,0,0,0,0,0,0,0,0,0,0,0,0,0,0,0,0,0,0
"ASV632","Bacteria","Proteobacteria","Gammaproteobacteria","Pseudomonadales","Pseudomonadaceae","Pseudomonas",0,0,0,0,0,51,0,0,0,0,0,0,0,0,0,0,0,0,0,0,0,0,0,0,0,0,0,0,0
"ASV633","Bacteria","Actinobacteriota","Actinobacteria","Micrococcales","Dermabacteraceae","Brachybacterium",0,0,0,0,0,0,13,0,0,0,0,0,0,0,0,0,0,14,0,24,0,0,0,0,0,0,0,0,0
"ASV634","Bacteria","Proteobacteria","Gammaproteobacteria","Enterobacterales","Enterobacteriaceae",NA,0,0,0,0,0,0,0,0,0,0,0,0,0,0,0,0,0,0,0,0,0,0,0,0,51,0,0,0,0
"ASV636","Bacteria","Firmicutes","Bacilli","Erysipelotrichales","Erysipelotrichaceae","Turicibacter",0,0,50,0,0,0,0,0,0,0,0,0,0,0,0,0,0,0,0,0,0,0,0,0,0,0,0,0,0
"ASV637","Bacteria","Bacteroidota","Bacteroidia","Flavobacteriales","Weeksellaceae","Chryseobacterium",0,0,0,0,50,0,0,0,0,0,0,0,0,0,0,0,0,0,0,0,0,0,0,0,0,0,0,0,0
"ASV638","Bacteria","Proteobacteria","Gammaproteobacteria","Xanthomonadales","Xanthomonadaceae","Stenotrophomonas",0,0,0,0,50,0,0,0,0,0,0,0,0,0,0,0,0,0,0,0,0,0,0,0,0,0,0,0,0
"ASV639","Bacteria","Bacteroidota","Bacteroidia","Chitinophagales","Chitinophagaceae",NA,0,0,0,0,50,0,0,0,0,0,0,0,0,0,0,0,0,0,0,0,0,0,0,0,0,0,0,0,0
"ASV640","Bacteria","Proteobacteria","Gammaproteobacteria","Enterobacterales","Enterobacteriaceae","Enterobacter",0,0,0,0,50,0,0,0,0,0,0,0,0,0,0,0,0,0,0,0,0,0,0,0,0,0,0,0,0
"ASV641","Archaea","Halobacterota","Halobacteria","Halobacterales","Haloferacaceae",NA,0,0,0,0,50,0,0,0,0,0,0,0,0,0,0,0,0,0,0,0,0,0,0,0,0,0,0,0,0
"ASV642","Bacteria","Proteobacteria","Gammaproteobacteria","Enterobacterales","Hafniaceae","Hafnia-Obesumbacterium",0,0,0,0,0,0,0,0,0,0,0,0,0,0,0,0,0,0,0,0,0,0,0,0,43,7,0,0,0
"ASV643","Bacteria","Firmicutes","Bacilli","Bacillales","Bacillaceae","Bacillus",0,0,49,0,0,0,0,0,0,0,0,0,0,0,0,0,0,0,0,0,0,0,0,0,0,0,0,0,0
"ASV644","Bacteria","Firmicutes","Bacilli","Lactobacillales","Streptococcaceae","Streptococcus",0,0,0,0,0,0,12,0,0,0,0,0,0,0,0,0,0,0,0,31,6,0,0,0,0,0,0,0,0
"ASV645","Bacteria","Proteobacteria","Alphaproteobacteria","Caulobacterales","Caulobacteraceae","Brevundimonas",0,0,0,0,0,0,0,0,0,0,0,10,0,0,0,0,0,0,0,0,0,0,0,0,0,27,0,12,0
"ASV647","Bacteria","Proteobacteria","Gammaproteobacteria","Aeromonadales","Aeromonadaceae","Aeromonas",0,0,0,0,0,0,0,0,0,0,0,0,0,0,0,0,0,0,0,0,0,0,0,0,0,6,0,0,43
"ASV648","Bacteria","Proteobacteria","Gammaproteobacteria","Aeromonadales","Aeromonadaceae","Aeromonas",0,0,0,0,0,0,0,0,0,0,0,0,0,0,0,0,0,0,0,0,0,0,0,0,0,0,0,0,49
"ASV649","Bacteria","Firmicutes","Bacilli","Bacillales","Marinococcaceae",NA,48,0,0,0,0,0,0,0,0,0,0,0,0,0,0,0,0,0,0,0,0,0,0,0,0,0,0,0,0
"ASV650","Bacteria","Firmicutes","Negativicutes","Veillonellales-Selenomonadales","Sporomusaceae","Pelosinus",0,0,48,0,0,0,0,0,0,0,0,0,0,0,0,0,0,0,0,0,0,0,0,0,0,0,0,0,0
"ASV651","Bacteria","Firmicutes","Bacilli","Bacillales","Bacillaceae","Bacillus",0,0,48,0,0,0,0,0,0,0,0,0,0,0,0,0,0,0,0,0,0,0,0,0,0,0,0,0,0
"ASV652","Bacteria","Firmicutes","Bacilli","Paenibacillales","Paenibacillaceae","Paenibacillus",0,0,48,0,0,0,0,0,0,0,0,0,0,0,0,0,0,0,0,0,0,0,0,0,0,0,0,0,0
"ASV653","Bacteria","Proteobacteria","Alphaproteobacteria","Rhizobiales","Rhizobiaceae",NA,0,0,0,0,48,0,0,0,0,0,0,0,0,0,0,0,0,0,0,0,0,0,0,0,0,0,0,0,0
"ASV654","Bacteria","Proteobacteria","Alphaproteobacteria","Sphingomonadales","Sphingomonadaceae","Sphingobium",0,0,0,0,48,0,0,0,0,0,0,0,0,0,0,0,0,0,0,0,0,0,0,0,0,0,0,0,0
"ASV655","Bacteria","Proteobacteria","Gammaproteobacteria","Pseudomonadales","Pseudomonadaceae","Pseudomonas",0,0,0,0,48,0,0,0,0,0,0,0,0,0,0,0,0,0,0,0,0,0,0,0,0,0,0,0,0
"ASV656","Bacteria","Firmicutes","Bacilli","Lactobacillales","Enterococcaceae","Enterococcus",0,0,0,0,0,0,0,0,0,0,0,0,0,0,0,0,0,0,0,0,0,0,0,0,0,0,0,48,0
"ASV657","Bacteria","Firmicutes","Clostridia","Thermincolales","Thermincolaceae","Thermincola",0,0,47,0,0,0,0,0,0,0,0,0,0,0,0,0,0,0,0,0,0,0,0,0,0,0,0,0,0
"ASV658","Bacteria","Proteobacteria","Gammaproteobacteria","Burkholderiales","Oxalobacteraceae","Duganella",0,0,0,0,47,0,0,0,0,0,0,0,0,0,0,0,0,0,0,0,0,0,0,0,0,0,0,0,0
"ASV659","Bacteria","Firmicutes","Clostridia","Peptostreptococcales-Tissierellales","Anaerovoracaceae","Anaerovorax",46,0,0,0,0,0,0,0,0,0,0,0,0,0,0,0,0,0,0,0,0,0,0,0,0,0,0,0,0
"ASV660","Bacteria","Proteobacteria","Alphaproteobacteria","Rhizobiales","Rhizobiaceae","Allorhizobium-Neorhizobium-Pararhizobium-Rhizobium",0,0,0,0,46,0,0,0,0,0,0,0,0,0,0,0,0,0,0,0,0,0,0,0,0,0,0,0,0
"ASV661","Bacteria","Proteobacteria","Gammaproteobacteria","Burkholderiales","Comamonadaceae","Pseudorhodoferax",0,0,0,0,46,0,0,0,0,0,0,0,0,0,0,0,0,0,0,0,0,0,0,0,0,0,0,0,0
"ASV662","Bacteria","Proteobacteria","Gammaproteobacteria","Pseudomonadales","Moraxellaceae","Acinetobacter",0,0,0,0,0,21,0,0,0,0,0,0,0,0,0,0,0,25,0,0,0,0,0,0,0,0,0,0,0
"ASV663","Bacteria","Firmicutes","Clostridia","Peptostreptococcales-Tissierellales","Peptostreptococcaceae","Paraclostridium",0,0,0,0,0,0,0,0,0,0,0,0,0,0,0,0,0,0,0,0,0,0,37,0,9,0,0,0,0
"ASV664","Bacteria","Firmicutes","Bacilli","Lactobacillales","Enterococcaceae","Enterococcus",0,0,0,0,0,0,0,0,0,0,0,0,0,0,0,0,0,0,0,0,0,0,0,0,0,46,0,0,0
"ASV665","Bacteria","Firmicutes","Clostridia","Lachnospirales","Lachnospiraceae","Lachnoclostridium",0,0,45,0,0,0,0,0,0,0,0,0,0,0,0,0,0,0,0,0,0,0,0,0,0,0,0,0,0
"ASV666","Bacteria","Firmicutes","Bacilli","Paenibacillales","Paenibacillaceae","Paenibacillus",0,0,45,0,0,0,0,0,0,0,0,0,0,0,0,0,0,0,0,0,0,0,0,0,0,0,0,0,0
"ASV667","Bacteria","Firmicutes","Bacilli","Lactobacillales","Streptococcaceae","Streptococcus",0,0,0,0,45,0,0,0,0,0,0,0,0,0,0,0,0,0,0,0,0,0,0,0,0,0,0,0,0
"ASV668","Bacteria","Bacteroidota","Bacteroidia","Cytophagales","Hymenobacteraceae","Hymenobacter",0,0,0,0,45,0,0,0,0,0,0,0,0,0,0,0,0,0,0,0,0,0,0,0,0,0,0,0,0
"ASV669","Archaea","Halobacterota","Halobacteria","Halobacterales","Halomicrobiaceae","Natronomonas",0,0,0,0,45,0,0,0,0,0,0,0,0,0,0,0,0,0,0,0,0,0,0,0,0,0,0,0,0
"ASV670","Bacteria","Actinobacteriota","Actinobacteria","Propionibacteriales","Nocardioidaceae","Nocardioides",0,0,0,0,45,0,0,0,0,0,0,0,0,0,0,0,0,0,0,0,0,0,0,0,0,0,0,0,0
"ASV671","Bacteria","Proteobacteria","Alphaproteobacteria","Rhodobacterales","Rhodobacteraceae","Ketogulonicigenium",0,0,0,0,0,0,0,0,0,0,0,45,0,0,0,0,0,0,0,0,0,0,0,0,0,0,0,0,0
"ASV672","Bacteria","Actinobacteriota","Actinobacteria","Propionibacteriales","Nocardioidaceae","Nocardioides",0,0,0,0,0,0,0,0,0,0,0,0,0,0,0,0,0,0,0,45,0,0,0,0,0,0,0,0,0
"ASV673","Bacteria","Firmicutes","Bacilli","Lactobacillales","Lactobacillaceae","Lactobacillus",0,0,0,0,0,0,0,0,0,0,0,0,0,0,0,0,0,0,0,0,0,0,0,0,0,0,0,45,0
"ASV674","Bacteria","Firmicutes","Clostridia","Clostridiales","Clostridiaceae","Clostridium_sensu_stricto_9",0,0,44,0,0,0,0,0,0,0,0,0,0,0,0,0,0,0,0,0,0,0,0,0,0,0,0,0,0
"ASV675","Bacteria","Firmicutes","Bacilli","Paenibacillales","Paenibacillaceae","Paenibacillus",0,0,44,0,0,0,0,0,0,0,0,0,0,0,0,0,0,0,0,0,0,0,0,0,0,0,0,0,0
"ASV676","Bacteria","Proteobacteria","Gammaproteobacteria","Enterobacterales","Enterobacteriaceae","Escherichia/Shigella",0,0,44,0,0,0,0,0,0,0,0,0,0,0,0,0,0,0,0,0,0,0,0,0,0,0,0,0,0
"ASV677","Bacteria","Firmicutes","Bacilli","Paenibacillales","Paenibacillaceae","Paenibacillus",0,0,44,0,0,0,0,0,0,0,0,0,0,0,0,0,0,0,0,0,0,0,0,0,0,0,0,0,0
"ASV678","Bacteria","Proteobacteria","Gammaproteobacteria","Pseudomonadales","Moraxellaceae","Acinetobacter",0,0,0,0,44,0,0,0,0,0,0,0,0,0,0,0,0,0,0,0,0,0,0,0,0,0,0,0,0
"ASV679","Bacteria","Proteobacteria","Alphaproteobacteria","Sphingomonadales","Sphingomonadaceae","Novosphingobium",0,0,0,0,44,0,0,0,0,0,0,0,0,0,0,0,0,0,0,0,0,0,0,0,0,0,0,0,0
"ASV680","Bacteria","Actinobacteriota","Actinobacteria","Micrococcales","Dermabacteraceae","Brachybacterium",0,0,0,0,0,5,0,0,0,0,0,13,0,0,0,0,0,21,0,0,5,0,0,0,0,0,0,0,0
"ASV681","Bacteria","Firmicutes","Bacilli","Lactobacillales","Enterococcaceae","Enterococcus",0,0,0,0,0,0,0,0,0,0,0,0,0,0,0,0,0,0,0,0,0,0,0,0,0,0,44,0,0
"ASV682","Bacteria","Firmicutes","Bacilli","Staphylococcales","Staphylococcaceae","Staphylococcus",43,0,0,0,0,0,0,0,0,0,0,0,0,0,0,0,0,0,0,0,0,0,0,0,0,0,0,0,0
"ASV683","Bacteria","Bacteroidota","Bacteroidia","Bacteroidales","Prevotellaceae","Prevotella",0,0,0,43,0,0,0,0,0,0,0,0,0,0,0,0,0,0,0,0,0,0,0,0,0,0,0,0,0
"ASV684","Bacteria","Proteobacteria","Gammaproteobacteria","Enterobacterales","Erwiniaceae",NA,0,0,0,0,0,0,0,0,30,0,0,13,0,0,0,0,0,0,0,0,0,0,0,0,0,0,0,0,0
"ASV685","Bacteria","Firmicutes","Bacilli","Bacillales","Bacillaceae","Bacillus",0,0,0,0,0,0,0,0,0,0,0,0,0,0,0,0,0,0,43,0,0,0,0,0,0,0,0,0,0
"ASV686","Bacteria","Bacteroidota","Bacteroidia","Cytophagales","Hymenobacteraceae","Hymenobacter",0,0,0,0,42,0,0,0,0,0,0,0,0,0,0,0,0,0,0,0,0,0,0,0,0,0,0,0,0
"ASV687","Bacteria","Actinobacteriota","Actinobacteria","Micrococcales","Brevibacteriaceae","Brevibacterium",0,0,0,0,0,0,0,0,0,0,0,10,0,0,0,0,0,32,0,0,0,0,0,0,0,0,0,0,0
"ASV688","Bacteria","Actinobacteriota","Actinobacteria","Micrococcales","Micrococcaceae","Kocuria",0,0,41,0,0,0,0,0,0,0,0,0,0,0,0,0,0,0,0,0,0,0,0,0,0,0,0,0,0
"ASV689","Bacteria","Actinobacteriota","Actinobacteria","Micrococcales","Micrococcaceae","Micrococcus",0,0,41,0,0,0,0,0,0,0,0,0,0,0,0,0,0,0,0,0,0,0,0,0,0,0,0,0,0
"ASV690","Bacteria","Firmicutes","Clostridia","Clostridiales","Clostridiaceae","Clostridium_sensu_stricto_1",0,0,41,0,0,0,0,0,0,0,0,0,0,0,0,0,0,0,0,0,0,0,0,0,0,0,0,0,0
"ASV691","Bacteria","Proteobacteria","Gammaproteobacteria","Enterobacterales","Enterobacteriaceae","Raoultella",0,0,0,0,0,0,0,0,0,0,0,0,41,0,0,0,0,0,0,0,0,0,0,0,0,0,0,0,0
"ASV692","Bacteria","Bacteroidota","Bacteroidia","Cytophagales","Hymenobacteraceae","Hymenobacter",0,0,0,0,40,0,0,0,0,0,0,0,0,0,0,0,0,0,0,0,0,0,0,0,0,0,0,0,0
"ASV693","Bacteria","Proteobacteria","Alphaproteobacteria","Rhodobacterales","Rhodobacteraceae","Paracoccus",0,0,0,0,37,0,0,0,0,0,0,0,0,0,0,0,0,0,0,3,0,0,0,0,0,0,0,0,0
"ASV694","Bacteria","Firmicutes","Bacilli","Bacillales","Bacillaceae","Bacillus",0,0,39,0,0,0,0,0,0,0,0,0,0,0,0,0,0,0,0,0,0,0,0,0,0,0,0,0,0
"ASV695","Bacteria","Firmicutes","Bacilli","Bacillales","Planococcaceae","Caryophanon",0,0,39,0,0,0,0,0,0,0,0,0,0,0,0,0,0,0,0,0,0,0,0,0,0,0,0,0,0
"ASV696","Bacteria","Actinobacteriota","Actinobacteria","Corynebacteriales","Corynebacteriaceae","Corynebacterium",0,0,39,0,0,0,0,0,0,0,0,0,0,0,0,0,0,0,0,0,0,0,0,0,0,0,0,0,0
"ASV697","Bacteria","Proteobacteria","Gammaproteobacteria","Enterobacterales","Erwiniaceae","Erwinia",0,0,0,0,0,0,0,0,10,0,0,0,0,0,0,0,0,15,0,0,0,0,0,0,0,0,0,14,0
"ASV698","Bacteria","Firmicutes","Bacilli","Staphylococcales","Staphylococcaceae","Staphylococcus",0,0,0,0,0,0,0,0,0,0,0,0,0,0,0,0,0,39,0,0,0,0,0,0,0,0,0,0,0
"ASV699","Bacteria","Firmicutes","Bacilli","Exiguobacterales","Exiguobacteraceae","Exiguobacterium",0,0,0,0,0,0,0,0,0,0,0,0,0,0,0,0,0,39,0,0,0,0,0,0,0,0,0,0,0
"ASV700","Bacteria","Firmicutes","Bacilli","Lactobacillales","Leuconostocaceae","Leuconostoc",0,0,0,0,0,0,0,0,0,0,0,0,0,0,0,0,0,0,0,0,0,0,0,39,0,0,0,0,0
"ASV701","Bacteria","Proteobacteria","Gammaproteobacteria","Pseudomonadales","Moraxellaceae","Acinetobacter",0,0,0,0,38,0,0,0,0,0,0,0,0,0,0,0,0,0,0,0,0,0,0,0,0,0,0,0,0
"ASV702","Bacteria","Proteobacteria","Gammaproteobacteria","Burkholderiales","Comamonadaceae",NA,0,0,0,0,0,0,0,0,0,0,0,38,0,0,0,0,0,0,0,0,0,0,0,0,0,0,0,0,0
"ASV703","Bacteria","Bacteroidota","Bacteroidia","Flavobacteriales","Weeksellaceae","Chryseobacterium",0,0,0,0,0,0,0,0,0,0,0,22,16,0,0,0,0,0,0,0,0,0,0,0,0,0,0,0,0
"ASV704","Bacteria","Bacteroidota","Bacteroidia","Sphingobacteriales","Sphingobacteriaceae","Sphingobacterium",0,0,0,0,0,0,0,0,0,0,0,11,0,0,0,0,0,0,0,0,0,0,0,0,0,0,0,27,0
"ASV705","Bacteria","Firmicutes","Bacilli","Lactobacillales","Leuconostocaceae","Leuconostoc",0,0,0,0,0,0,0,0,0,0,0,0,0,0,0,0,0,0,0,0,0,38,0,0,0,0,0,0,0
"ASV706","Bacteria","Bacteroidota","Bacteroidia","Flavobacteriales","Weeksellaceae","Empedobacter",0,0,0,37,0,0,0,0,0,0,0,0,0,0,0,0,0,0,0,0,0,0,0,0,0,0,0,0,0
"ASV707","Bacteria","Bacteroidota","Bacteroidia","Sphingobacteriales","Sphingobacteriaceae","Pedobacter",0,0,0,0,37,0,0,0,0,0,0,0,0,0,0,0,0,0,0,0,0,0,0,0,0,0,0,0,0
"ASV708","Bacteria","Proteobacteria","Gammaproteobacteria","Enterobacterales","Erwiniaceae",NA,0,0,0,0,37,0,0,0,0,0,0,0,0,0,0,0,0,0,0,0,0,0,0,0,0,0,0,0,0
"ASV709","Bacteria","Proteobacteria","Gammaproteobacteria","Xanthomonadales","Xanthomonadaceae","Stenotrophomonas",0,0,0,0,0,0,0,25,0,0,0,0,0,0,0,0,0,12,0,0,0,0,0,0,0,0,0,0,0
"ASV710","Bacteria","Proteobacteria","Gammaproteobacteria","Enterobacterales","Enterobacteriaceae","Buttiauxella",0,0,0,0,0,0,0,0,0,0,0,17,0,0,0,0,0,0,0,0,0,0,0,0,20,0,0,0,0
"ASV711","Bacteria","Proteobacteria","Gammaproteobacteria","Oceanospirillales","Halomonadaceae","Halomonas",0,0,0,0,0,0,0,0,0,0,0,0,0,0,0,0,37,0,0,0,0,0,0,0,0,0,0,0,0
"ASV712","Bacteria","Proteobacteria","Gammaproteobacteria","Enterobacterales","Erwiniaceae","Erwinia",0,0,0,0,0,0,0,0,0,0,0,0,0,0,0,0,37,0,0,0,0,0,0,0,0,0,0,0,0
"ASV713","Bacteria","Firmicutes","Bacilli","Bacillales","Planococcaceae","Lysinibacillus",0,0,0,0,0,0,0,0,0,0,0,0,0,0,0,0,0,7,0,0,0,0,0,15,0,0,15,0,0
"ASV714","Bacteria","Firmicutes","Bacilli","Haloplasmatales","Haloplasmataceae","Haloplasma",0,0,36,0,0,0,0,0,0,0,0,0,0,0,0,0,0,0,0,0,0,0,0,0,0,0,0,0,0
"ASV715","Bacteria","Proteobacteria","Alphaproteobacteria","Rhodobacterales","Rhodobacteraceae","Paracoccus",0,0,36,0,0,0,0,0,0,0,0,0,0,0,0,0,0,0,0,0,0,0,0,0,0,0,0,0,0
"ASV716","Bacteria","Bacteroidota","Bacteroidia","Flavobacteriales","Weeksellaceae","Chryseobacterium",0,0,0,0,36,0,0,0,0,0,0,0,0,0,0,0,0,0,0,0,0,0,0,0,0,0,0,0,0
"ASV717","Bacteria","Proteobacteria","Gammaproteobacteria","Burkholderiales","Comamonadaceae","Acidovorax",0,0,0,0,36,0,0,0,0,0,0,0,0,0,0,0,0,0,0,0,0,0,0,0,0,0,0,0,0
"ASV719","Bacteria","Proteobacteria","Gammaproteobacteria","Enterobacterales","Erwiniaceae","Pantoea",0,0,0,0,0,36,0,0,0,0,0,0,0,0,0,0,0,0,0,0,0,0,0,0,0,0,0,0,0
"ASV720","Bacteria","Actinobacteriota","Actinobacteria","Micrococcales","Micrococcaceae","Rothia",0,0,0,0,0,0,0,0,0,0,0,0,0,0,0,0,36,0,0,0,0,0,0,0,0,0,0,0,0
"ASV721","Archaea","Halobacterota","Halobacteria","Halobacterales","Haloferacaceae","Halobellus",0,0,0,0,35,0,0,0,0,0,0,0,0,0,0,0,0,0,0,0,0,0,0,0,0,0,0,0,0
"ASV722","Archaea","Halobacterota","Halobacteria","Halobacterales","Haloferacaceae","Haloplanus",0,0,0,0,35,0,0,0,0,0,0,0,0,0,0,0,0,0,0,0,0,0,0,0,0,0,0,0,0
"ASV723","Bacteria","Proteobacteria","Alphaproteobacteria","Rhodobacterales","Rhodobacteraceae","Paracoccus",0,0,0,0,0,0,0,0,0,0,0,0,0,0,0,0,0,0,0,0,0,0,0,0,0,35,0,0,0
"ASV724","Bacteria","Firmicutes","Bacilli","Paenibacillales","Paenibacillaceae","Paenibacillus",0,0,34,0,0,0,0,0,0,0,0,0,0,0,0,0,0,0,0,0,0,0,0,0,0,0,0,0,0
"ASV725","Bacteria","Firmicutes","Bacilli","Paenibacillales","Paenibacillaceae","Paenibacillus",0,0,34,0,0,0,0,0,0,0,0,0,0,0,0,0,0,0,0,0,0,0,0,0,0,0,0,0,0
"ASV726","Bacteria","Actinobacteriota","Actinobacteria","Propionibacteriales","Nocardioidaceae","Marmoricola",0,0,0,0,34,0,0,0,0,0,0,0,0,0,0,0,0,0,0,0,0,0,0,0,0,0,0,0,0
"ASV727","Bacteria","Actinobacteriota","Actinobacteria","Propionibacteriales","Nocardioidaceae","Nocardioides",0,0,0,0,34,0,0,0,0,0,0,0,0,0,0,0,0,0,0,0,0,0,0,0,0,0,0,0,0
"ASV728","Bacteria","Proteobacteria","Gammaproteobacteria","Pseudomonadales","Moraxellaceae","Acinetobacter",0,0,0,0,0,15,0,0,0,0,0,0,0,0,0,0,0,10,0,0,0,0,0,0,0,0,9,0,0
"ASV729","Bacteria","Actinobacteriota","Actinobacteria","Propionibacteriales","Nocardioidaceae","Nocardioides",0,0,0,0,0,0,0,0,0,0,0,0,0,0,0,0,0,0,0,30,0,4,0,0,0,0,0,0,0
"ASV730","Bacteria","Firmicutes","Bacilli","Lactobacillales","Leuconostocaceae","Weissella",0,0,0,0,0,0,0,0,0,0,0,0,0,0,0,0,0,0,0,0,0,0,0,34,0,0,0,0,0
"ASV731","Bacteria","Firmicutes","Bacilli","Bacillales","Bacillaceae","Bacillus",0,33,0,0,0,0,0,0,0,0,0,0,0,0,0,0,0,0,0,0,0,0,0,0,0,0,0,0,0
"ASV732","Bacteria","Firmicutes","Clostridia","Clostridiales","Clostridiaceae","Clostridium_sensu_stricto_1",0,0,33,0,0,0,0,0,0,0,0,0,0,0,0,0,0,0,0,0,0,0,0,0,0,0,0,0,0
"ASV733","Bacteria","Firmicutes","Bacilli","Paenibacillales","Paenibacillaceae","Paenibacillus",0,0,33,0,0,0,0,0,0,0,0,0,0,0,0,0,0,0,0,0,0,0,0,0,0,0,0,0,0
"ASV735","Bacteria","Proteobacteria","Gammaproteobacteria","Enterobacterales","Erwiniaceae",NA,0,0,0,0,33,0,0,0,0,0,0,0,0,0,0,0,0,0,0,0,0,0,0,0,0,0,0,0,0
"ASV736","Bacteria","Actinobacteriota","Acidimicrobiia","Microtrichales","Ilumatobacteraceae",NA,0,0,0,0,33,0,0,0,0,0,0,0,0,0,0,0,0,0,0,0,0,0,0,0,0,0,0,0,0
"ASV737","Bacteria","Firmicutes","Bacilli","Bacillales","Planococcaceae","Planococcus",0,0,0,0,33,0,0,0,0,0,0,0,0,0,0,0,0,0,0,0,0,0,0,0,0,0,0,0,0
"ASV738","Bacteria","Bacteroidota","Bacteroidia","Flavobacteriales","Weeksellaceae","Chishuiella",0,0,0,0,0,0,0,0,0,0,0,0,0,0,0,0,0,0,0,0,0,0,0,0,33,0,0,0,0
"ASV739","Bacteria","Firmicutes","Bacilli","Paenibacillales","Paenibacillaceae","Paenibacillus",32,0,0,0,0,0,0,0,0,0,0,0,0,0,0,0,0,0,0,0,0,0,0,0,0,0,0,0,0
"ASV740","Bacteria","Firmicutes","Bacilli","Paenibacillales","Paenibacillaceae","Cohnella",0,0,32,0,0,0,0,0,0,0,0,0,0,0,0,0,0,0,0,0,0,0,0,0,0,0,0,0,0
"ASV741","Bacteria","Proteobacteria","Gammaproteobacteria","Enterobacterales","Enterobacteriaceae","Buttiauxella",0,0,0,0,0,0,0,0,18,0,0,0,0,0,0,0,0,0,0,0,0,0,0,0,14,0,0,0,0
"ASV742","Bacteria","Proteobacteria","Gammaproteobacteria","Alteromonadales","Shewanellaceae","Shewanella",0,0,0,0,0,0,0,0,0,0,0,0,0,0,0,0,0,0,0,0,0,0,0,0,32,0,0,0,0
"ASV743","Bacteria","Proteobacteria","Gammaproteobacteria","Burkholderiales","Oxalobacteraceae","Massilia",0,0,0,0,31,0,0,0,0,0,0,0,0,0,0,0,0,0,0,0,0,0,0,0,0,0,0,0,0
"ASV744","Bacteria","Proteobacteria","Alphaproteobacteria","Rhizobiales","Rhizobiaceae","Aureimonas",0,0,0,0,0,0,0,0,0,0,0,0,0,21,0,0,0,0,0,10,0,0,0,0,0,0,0,0,0
"ASV745","Bacteria","Actinobacteriota","Actinobacteria","Corynebacteriales","Corynebacteriaceae","Corynebacterium",0,0,0,0,0,0,0,0,0,0,0,0,0,0,0,0,31,0,0,0,0,0,0,0,0,0,0,0,0
"ASV746","Bacteria","Proteobacteria","Gammaproteobacteria","Burkholderiales","Alcaligenaceae","Achromobacter",0,0,0,0,0,0,0,0,0,0,0,0,0,0,0,0,0,0,0,0,0,0,0,0,0,31,0,0,0
"ASV747","Bacteria","Firmicutes","Bacilli","Lactobacillales","Enterococcaceae","Enterococcus",0,0,0,0,0,0,0,0,0,0,0,0,0,0,0,0,0,0,0,0,0,0,0,0,0,0,0,0,31
"ASV748","Bacteria","Firmicutes","Bacilli","Paenibacillales","Paenibacillaceae","Paenibacillus",0,0,30,0,0,0,0,0,0,0,0,0,0,0,0,0,0,0,0,0,0,0,0,0,0,0,0,0,0
"ASV749","Bacteria","Actinobacteriota","Actinobacteria","Micrococcales","Microbacteriaceae","Microbacterium",0,0,0,0,30,0,0,0,0,0,0,0,0,0,0,0,0,0,0,0,0,0,0,0,0,0,0,0,0
"ASV750","Bacteria","Bacteroidota","Bacteroidia","Cytophagales","Hymenobacteraceae","Hymenobacter",0,0,0,0,30,0,0,0,0,0,0,0,0,0,0,0,0,0,0,0,0,0,0,0,0,0,0,0,0
"ASV751","Bacteria","Proteobacteria","Alphaproteobacteria","Rhizobiales","Beijerinckiaceae","Methylobacterium-Methylorubrum",0,0,0,0,0,0,0,0,0,10,0,0,0,0,0,0,0,0,20,0,0,0,0,0,0,0,0,0,0
"ASV752","Bacteria","Proteobacteria","Gammaproteobacteria","Burkholderiales","Procabacteriaceae","Procabacter",0,0,0,0,0,0,0,0,0,0,0,0,19,0,0,0,0,0,0,0,0,0,0,0,0,11,0,0,0
"ASV753","Bacteria","Actinobacteriota","Actinobacteria","Micrococcales","Micrococcaceae","Paenarthrobacter",0,0,0,0,0,0,0,0,0,0,0,0,8,0,0,0,0,13,0,0,0,0,0,0,9,0,0,0,0
"ASV754","Bacteria","Firmicutes","Bacilli","Bacillales","Bacillaceae","Bacillus",0,0,0,0,0,0,0,0,0,0,0,0,0,0,0,0,0,0,30,0,0,0,0,0,0,0,0,0,0
"ASV755","Bacteria","Firmicutes","Bacilli","Bacillales","Bacillaceae","Bacillus",29,0,0,0,0,0,0,0,0,0,0,0,0,0,0,0,0,0,0,0,0,0,0,0,0,0,0,0,0
"ASV756","Bacteria","Firmicutes","Clostridia","Clostridiales","Clostridiaceae","Clostridium_sensu_stricto_8",0,0,29,0,0,0,0,0,0,0,0,0,0,0,0,0,0,0,0,0,0,0,0,0,0,0,0,0,0
"ASV757","Bacteria","Bacteroidota","Bacteroidia","Flavobacteriales","Weeksellaceae","Chryseobacterium",0,0,0,0,29,0,0,0,0,0,0,0,0,0,0,0,0,0,0,0,0,0,0,0,0,0,0,0,0
"ASV759","Bacteria","Proteobacteria","Gammaproteobacteria","Enterobacterales","Erwiniaceae","Pantoea",0,0,0,0,0,0,0,0,0,0,0,0,0,0,0,0,29,0,0,0,0,0,0,0,0,0,0,0,0
"ASV760","Bacteria","Firmicutes","Bacilli","Paenibacillales","Paenibacillaceae","Paenibacillus",0,0,0,0,0,0,0,0,0,0,0,0,0,0,0,0,0,0,0,0,0,0,18,0,0,0,0,0,11
"ASV761","Bacteria","Cyanobacteria","Vampirivibrionia","Obscuribacterales","Obscuribacteraceae",NA,0,0,0,0,28,0,0,0,0,0,0,0,0,0,0,0,0,0,0,0,0,0,0,0,0,0,0,0,0
"ASV762","Bacteria","Bacteroidota","Bacteroidia","Flavobacteriales","Weeksellaceae","Chryseobacterium",0,0,0,0,28,0,0,0,0,0,0,0,0,0,0,0,0,0,0,0,0,0,0,0,0,0,0,0,0
"ASV763","Bacteria","Bacteroidota","Bacteroidia","Chitinophagales","Chitinophagaceae","Taibaiella",0,0,0,0,28,0,0,0,0,0,0,0,0,0,0,0,0,0,0,0,0,0,0,0,0,0,0,0,0
"ASV764","Bacteria","Proteobacteria","Alphaproteobacteria","Rhizobiales","Beijerinckiaceae","Bosea",0,0,0,0,28,0,0,0,0,0,0,0,0,0,0,0,0,0,0,0,0,0,0,0,0,0,0,0,0
"ASV765","Bacteria","Proteobacteria","Alphaproteobacteria","Rhodobacterales","Rhodobacteraceae","Ketogulonicigenium",0,0,0,0,0,0,0,0,0,0,0,0,13,0,0,0,0,0,0,0,0,0,0,0,15,0,0,0,0
"ASV766","Bacteria","Firmicutes","Bacilli","Staphylococcales","Staphylococcaceae","Staphylococcus",0,0,0,0,0,0,0,0,0,0,0,0,0,0,0,0,28,0,0,0,0,0,0,0,0,0,0,0,0
"ASV767","Bacteria","Proteobacteria","Alphaproteobacteria","Rhizobiales","Beijerinckiaceae","Methylobacterium-Methylorubrum",0,0,0,0,0,0,0,0,0,0,0,0,0,0,0,0,0,0,0,28,0,0,0,0,0,0,0,0,0
"ASV768","Bacteria","Firmicutes","Bacilli","Lactobacillales","Vagococcaceae","Vagococcus",0,0,0,0,0,0,0,0,0,0,0,0,0,0,0,0,0,0,0,0,0,0,0,0,0,0,0,0,28
"ASV769","Archaea","Halobacterota","Halobacteria","Halobacterales","Halomicrobiaceae","Halomicroarcula",0,0,0,0,27,0,0,0,0,0,0,0,0,0,0,0,0,0,0,0,0,0,0,0,0,0,0,0,0
"ASV770","Bacteria","Proteobacteria","Alphaproteobacteria","Rhizobiales","Rhizobiaceae","Shinella",0,0,0,0,27,0,0,0,0,0,0,0,0,0,0,0,0,0,0,0,0,0,0,0,0,0,0,0,0
"ASV771","Bacteria","Actinobacteriota","Actinobacteria","Propionibacteriales","Nocardioidaceae","Nocardioides",0,0,0,0,27,0,0,0,0,0,0,0,0,0,0,0,0,0,0,0,0,0,0,0,0,0,0,0,0
"ASV772","Bacteria","Proteobacteria","Gammaproteobacteria","Pseudomonadales","Moraxellaceae","Acinetobacter",0,0,0,0,0,27,0,0,0,0,0,0,0,0,0,0,0,0,0,0,0,0,0,0,0,0,0,0,0
"ASV773","Bacteria","Proteobacteria","Gammaproteobacteria","Pseudomonadales","Pseudomonadaceae","Pseudomonas",0,0,0,0,0,27,0,0,0,0,0,0,0,0,0,0,0,0,0,0,0,0,0,0,0,0,0,0,0
"ASV774","Bacteria","Firmicutes","Bacilli","Lactobacillales","Enterococcaceae","Enterococcus",0,0,0,0,0,0,0,0,0,0,0,0,0,0,0,0,0,0,0,0,0,0,0,27,0,0,0,0,0
"ASV775","Bacteria","Proteobacteria","Gammaproteobacteria","Burkholderiales","Alcaligenaceae","Achromobacter",0,0,0,0,0,0,0,0,0,0,0,0,0,0,0,0,0,0,0,0,0,0,0,0,0,27,0,0,0
"ASV776","Bacteria","Firmicutes","Bacilli","Bacillales","Bacillaceae","Bacillus",0,0,26,0,0,0,0,0,0,0,0,0,0,0,0,0,0,0,0,0,0,0,0,0,0,0,0,0,0
"ASV777","Bacteria","Bacteroidota","Bacteroidia","Sphingobacteriales","Sphingobacteriaceae","Pedobacter",0,0,0,0,26,0,0,0,0,0,0,0,0,0,0,0,0,0,0,0,0,0,0,0,0,0,0,0,0
"ASV778","Bacteria","Firmicutes","Bacilli","Lactobacillales","Leuconostocaceae","Weissella",0,0,0,0,0,0,0,0,0,0,0,0,0,0,0,0,0,0,0,0,0,0,0,0,0,0,26,0,0
"ASV779","Bacteria","Proteobacteria","Gammaproteobacteria","Xanthomonadales","Xanthomonadaceae","Stenotrophomonas",0,0,0,0,0,0,0,0,0,0,0,0,0,0,0,0,0,0,0,0,0,0,0,0,0,0,0,26,0
"ASV781","Bacteria","Proteobacteria","Gammaproteobacteria","Pasteurellales","Pasteurellaceae","Haemophilus",0,0,25,0,0,0,0,0,0,0,0,0,0,0,0,0,0,0,0,0,0,0,0,0,0,0,0,0,0
"ASV782","Bacteria","Firmicutes","Bacilli","Bacillales","Bacillaceae","Bacillus",0,0,25,0,0,0,0,0,0,0,0,0,0,0,0,0,0,0,0,0,0,0,0,0,0,0,0,0,0
"ASV783","Bacteria","Firmicutes","Bacilli","Paenibacillales","Paenibacillaceae","Paenibacillus",0,0,25,0,0,0,0,0,0,0,0,0,0,0,0,0,0,0,0,0,0,0,0,0,0,0,0,0,0
"ASV784","Bacteria","Bacteroidota","Bacteroidia","Sphingobacteriales","Sphingobacteriaceae","Pedobacter",0,0,0,0,25,0,0,0,0,0,0,0,0,0,0,0,0,0,0,0,0,0,0,0,0,0,0,0,0
"ASV785","Bacteria","Bacteroidota","Bacteroidia","Sphingobacteriales","Sphingobacteriaceae","Sphingobacterium",0,0,0,0,0,0,0,0,0,0,0,16,0,0,0,0,0,0,0,5,0,0,0,0,4,0,0,0,0
"ASV786","Bacteria","Proteobacteria","Gammaproteobacteria","Enterobacterales","Erwiniaceae","Pantoea",0,0,0,0,0,0,0,0,0,0,0,0,0,0,0,0,0,13,0,0,0,0,0,0,0,0,12,0,0
"ASV787","Bacteria","Proteobacteria","Gammaproteobacteria","Pseudomonadales","Moraxellaceae","Acinetobacter",0,0,0,0,0,0,0,0,0,0,0,0,0,0,0,0,0,6,0,0,0,0,0,0,19,0,0,0,0
"ASV788","Bacteria","Proteobacteria","Gammaproteobacteria","Xanthomonadales","Xanthomonadaceae","Stenotrophomonas",0,0,0,0,24,0,0,0,0,0,0,0,0,0,0,0,0,0,0,0,0,0,0,0,0,0,0,0,0
"ASV790","Bacteria","Firmicutes","Bacilli","Paenibacillales","Paenibacillaceae","Saccharibacillus",0,0,0,0,0,0,0,0,0,0,0,0,0,0,0,0,0,11,0,0,0,0,0,0,13,0,0,0,0
"ASV791","Bacteria","Bacteroidota","Bacteroidia","Flavobacteriales","Flavobacteriaceae","Flavobacterium",0,0,0,0,0,0,0,0,0,0,0,0,0,0,0,0,0,0,0,0,0,0,0,0,0,24,0,0,0
"ASV792","Bacteria","Proteobacteria","Alphaproteobacteria","Rhizobiales","Xanthobacteraceae","Afipia",0,0,0,23,0,0,0,0,0,0,0,0,0,0,0,0,0,0,0,0,0,0,0,0,0,0,0,0,0
"ASV793","Bacteria","Proteobacteria","Alphaproteobacteria","Sphingomonadales","Sphingomonadaceae","Sphingomonas",0,0,0,0,23,0,0,0,0,0,0,0,0,0,0,0,0,0,0,0,0,0,0,0,0,0,0,0,0
"ASV794","Bacteria","Actinobacteriota","Actinobacteria","Micrococcales","Microbacteriaceae","Microbacterium",0,0,0,0,23,0,0,0,0,0,0,0,0,0,0,0,0,0,0,0,0,0,0,0,0,0,0,0,0
"ASV795","Bacteria","Firmicutes","Bacilli","Staphylococcales","Staphylococcaceae","Staphylococcus",0,0,0,0,23,0,0,0,0,0,0,0,0,0,0,0,0,0,0,0,0,0,0,0,0,0,0,0,0
"ASV796","Bacteria","Firmicutes","Bacilli","Staphylococcales","Staphylococcaceae","Staphylococcus",0,0,0,0,23,0,0,0,0,0,0,0,0,0,0,0,0,0,0,0,0,0,0,0,0,0,0,0,0
"ASV797","Bacteria","Proteobacteria","Gammaproteobacteria","Burkholderiales","Comamonadaceae","Delftia",0,0,0,0,10,0,0,0,0,0,0,0,0,0,0,0,0,0,0,0,0,0,0,13,0,0,0,0,0
"ASV798","Bacteria","Firmicutes","Bacilli","Staphylococcales","Staphylococcaceae","Staphylococcus",0,0,0,0,0,0,0,0,0,23,0,0,0,0,0,0,0,0,0,0,0,0,0,0,0,0,0,0,0
"ASV799","Bacteria","Proteobacteria","Alphaproteobacteria","Rhodobacterales","Rhodobacteraceae","Paracoccus",0,0,0,0,0,0,0,0,0,0,0,0,0,0,0,0,23,0,0,0,0,0,0,0,0,0,0,0,0
"ASV800","Bacteria","Actinobacteriota","Actinobacteria","Micrococcales","Dermabacteraceae","Brachybacterium",0,0,0,0,0,0,0,0,0,0,0,0,0,0,0,0,23,0,0,0,0,0,0,0,0,0,0,0,0
"ASV801","Bacteria","Proteobacteria","Gammaproteobacteria","Pseudomonadales","Pseudomonadaceae","Pseudomonas",0,0,0,0,0,0,0,0,0,0,0,0,0,0,0,0,23,0,0,0,0,0,0,0,0,0,0,0,0
"ASV802","Bacteria","Firmicutes","Bacilli","Lactobacillales","Enterococcaceae","Enterococcus",0,0,0,0,0,0,0,0,0,0,0,0,0,0,0,0,9,0,0,0,0,0,0,0,0,14,0,0,0
"ASV803","Bacteria","Firmicutes","Bacilli","Staphylococcales","Staphylococcaceae","Staphylococcus",0,0,0,0,0,0,0,0,0,0,0,0,0,0,0,0,0,0,0,0,23,0,0,0,0,0,0,0,0
"ASV804","Bacteria","Firmicutes","Clostridia","Clostridiales","Clostridiaceae","Clostridium_sensu_stricto_1",0,0,0,0,0,0,0,0,0,0,0,0,0,0,0,0,0,0,0,0,0,0,0,7,0,0,0,0,16
"ASV805","Bacteria","Firmicutes","Clostridia","Peptostreptococcales-Tissierellales","Peptostreptococcales-Tissierellales_fa","Alkaliphilus",0,22,0,0,0,0,0,0,0,0,0,0,0,0,0,0,0,0,0,0,0,0,0,0,0,0,0,0,0
"ASV807","Bacteria","Bacteroidota","Rhodothermia","Rhodothermales","Rhodothermaceae","Salinibacter",0,0,0,0,22,0,0,0,0,0,0,0,0,0,0,0,0,0,0,0,0,0,0,0,0,0,0,0,0
"ASV809","Bacteria","Proteobacteria","Gammaproteobacteria","Pseudomonadales","Pseudomonadaceae","Pseudomonas",0,0,0,0,22,0,0,0,0,0,0,0,0,0,0,0,0,0,0,0,0,0,0,0,0,0,0,0,0
"ASV810","Bacteria","Bacteroidota","Bacteroidia","Sphingobacteriales","Sphingobacteriaceae","Pedobacter",0,0,0,0,22,0,0,0,0,0,0,0,0,0,0,0,0,0,0,0,0,0,0,0,0,0,0,0,0
"ASV811","Bacteria","Proteobacteria","Gammaproteobacteria","Aeromonadales","Aeromonadaceae","Aeromonas",0,0,0,0,0,6,0,0,0,0,0,0,0,0,0,0,0,0,0,0,0,16,0,0,0,0,0,0,0
"ASV812","Bacteria","Firmicutes","Bacilli","Bacillales","Bacillaceae","Bacillus",0,0,0,0,0,0,0,0,0,0,0,0,0,0,0,0,22,0,0,0,0,0,0,0,0,0,0,0,0
"ASV813","Bacteria","Actinobacteriota","Actinobacteria","Propionibacteriales","Nocardioidaceae","Nocardioides",0,0,0,0,0,0,0,0,0,0,0,0,0,0,0,0,0,0,0,22,0,0,0,0,0,0,0,0,0
"ASV814","Bacteria","Proteobacteria","Alphaproteobacteria","Sphingomonadales","Sphingomonadaceae","Sphingobium",0,0,0,0,0,0,0,0,0,0,0,0,0,0,0,0,0,0,0,0,0,0,0,0,0,22,0,0,0
"ASV815","Bacteria","Proteobacteria","Gammaproteobacteria","Enterobacterales","Erwiniaceae","Erwinia",0,0,0,0,0,0,0,0,0,0,0,0,0,0,0,0,0,0,0,0,0,0,0,0,0,0,0,22,0
"ASV816","Bacteria","Firmicutes","Bacilli","Paenibacillales","Paenibacillaceae","Paenibacillus",21,0,0,0,0,0,0,0,0,0,0,0,0,0,0,0,0,0,0,0,0,0,0,0,0,0,0,0,0
"ASV817","Bacteria","Firmicutes","Bacilli","Bacillales","Planococcaceae","Solibacillus",0,21,0,0,0,0,0,0,0,0,0,0,0,0,0,0,0,0,0,0,0,0,0,0,0,0,0,0,0
"ASV818","Bacteria","Proteobacteria","Gammaproteobacteria","Burkholderiales","Methylophilaceae","Methylotenera",0,0,0,0,21,0,0,0,0,0,0,0,0,0,0,0,0,0,0,0,0,0,0,0,0,0,0,0,0
"ASV819","Bacteria","Bacteroidota","Bacteroidia","Flavobacteriales","Flavobacteriaceae","Flavobacterium",0,0,0,0,0,0,0,0,0,0,0,0,12,0,0,0,0,0,0,0,0,0,0,0,0,9,0,0,0
"ASV820","Bacteria","Firmicutes","Bacilli","Paenibacillales","Paenibacillaceae","Paenibacillus",0,0,0,0,0,0,0,0,0,0,0,0,0,0,0,0,21,0,0,0,0,0,0,0,0,0,0,0,0
"ASV821","Bacteria","Firmicutes","Bacilli","Lactobacillales","Enterococcaceae","Enterococcus",0,0,0,0,0,0,0,0,0,0,0,0,0,0,0,0,0,21,0,0,0,0,0,0,0,0,0,0,0
"ASV822","Bacteria","Firmicutes","Bacilli","Lactobacillales","Streptococcaceae","Streptococcus",0,0,20,0,0,0,0,0,0,0,0,0,0,0,0,0,0,0,0,0,0,0,0,0,0,0,0,0,0
"ASV823","Bacteria","Bacteroidota","Bacteroidia","Flavobacteriales","Flavobacteriaceae","Flavobacterium",0,0,0,0,20,0,0,0,0,0,0,0,0,0,0,0,0,0,0,0,0,0,0,0,0,0,0,0,0
"ASV824","Bacteria","Bacteroidota","Bacteroidia","Flavobacteriales","Weeksellaceae","Chryseobacterium",0,0,0,0,0,0,0,0,0,0,0,0,20,0,0,0,0,0,0,0,0,0,0,0,0,0,0,0,0
"ASV825","Bacteria","Proteobacteria","Gammaproteobacteria","Enterobacterales","Enterobacteriaceae",NA,0,0,0,0,0,0,0,0,0,0,0,0,20,0,0,0,0,0,0,0,0,0,0,0,0,0,0,0,0
"ASV826","Bacteria","Actinobacteriota","Actinobacteria","Micrococcales","Dermabacteraceae","Brachybacterium",0,0,0,0,0,0,0,0,0,0,0,0,0,0,0,0,0,20,0,0,0,0,0,0,0,0,0,0,0
"ASV827","Bacteria","Proteobacteria","Gammaproteobacteria","Enterobacterales","Pectobacteriaceae","Pectobacterium",0,0,0,0,0,0,0,0,0,0,0,0,0,0,0,0,0,0,0,0,0,0,20,0,0,0,0,0,0
"ASV828","Bacteria","Firmicutes","Bacilli","Paenibacillales","Paenibacillaceae","Paenibacillus",0,0,19,0,0,0,0,0,0,0,0,0,0,0,0,0,0,0,0,0,0,0,0,0,0,0,0,0,0
"ASV829","Bacteria","Proteobacteria","Gammaproteobacteria","Xanthomonadales","Xanthomonadaceae","Thermomonas",0,0,19,0,0,0,0,0,0,0,0,0,0,0,0,0,0,0,0,0,0,0,0,0,0,0,0,0,0
"ASV830","Bacteria","Actinobacteriota","Actinobacteria","Corynebacteriales","Mycobacteriaceae","Mycobacterium",0,0,19,0,0,0,0,0,0,0,0,0,0,0,0,0,0,0,0,0,0,0,0,0,0,0,0,0,0
"ASV832","Bacteria","Actinobacteriota","Actinobacteria","Corynebacteriales","Corynebacteriaceae","Corynebacterium",0,0,0,0,19,0,0,0,0,0,0,0,0,0,0,0,0,0,0,0,0,0,0,0,0,0,0,0,0
"ASV833","Bacteria","Proteobacteria","Gammaproteobacteria","Burkholderiales","Comamonadaceae","Variovorax",0,0,0,0,19,0,0,0,0,0,0,0,0,0,0,0,0,0,0,0,0,0,0,0,0,0,0,0,0
"ASV834","Archaea","Halobacterota","Halobacteria","Halobacterales","Haloferacaceae",NA,0,0,0,0,19,0,0,0,0,0,0,0,0,0,0,0,0,0,0,0,0,0,0,0,0,0,0,0,0
"ASV835","Bacteria","Proteobacteria","Alphaproteobacteria","Sphingomonadales","Sphingomonadaceae","Novosphingobium",0,0,0,0,0,0,0,0,0,0,0,14,0,0,0,0,0,0,0,0,0,0,0,0,5,0,0,0,0
"ASV836","Bacteria","Firmicutes","Bacilli","Exiguobacterales","Exiguobacteraceae","Exiguobacterium",0,0,0,0,0,0,0,0,0,0,0,0,0,0,0,0,0,19,0,0,0,0,0,0,0,0,0,0,0
"ASV837","Bacteria","Proteobacteria","Alphaproteobacteria","Rhizobiales","Rhizobiaceae","Allorhizobium-Neorhizobium-Pararhizobium-Rhizobium",0,0,0,0,0,0,0,0,0,0,0,0,0,0,0,0,0,0,0,0,0,0,0,0,19,0,0,0,0
"ASV838","Bacteria","Bacteroidota","Bacteroidia","Flavobacteriales","Flavobacteriaceae","Flavobacterium",0,0,0,0,18,0,0,0,0,0,0,0,0,0,0,0,0,0,0,0,0,0,0,0,0,0,0,0,0
"ASV839","Bacteria","Actinobacteriota","Actinobacteria","Propionibacteriales","Nocardioidaceae","Nocardioides",0,0,0,0,18,0,0,0,0,0,0,0,0,0,0,0,0,0,0,0,0,0,0,0,0,0,0,0,0
"ASV840","Bacteria","Bacteroidota","Bacteroidia","Flavobacteriales","Flavobacteriaceae","Flavobacterium",0,0,0,0,0,0,0,0,0,0,0,9,9,0,0,0,0,0,0,0,0,0,0,0,0,0,0,0,0
"ASV841","Bacteria","Actinobacteriota","Actinobacteria","Corynebacteriales","Corynebacteriaceae","Corynebacterium",0,0,0,0,0,0,0,0,0,0,0,0,0,0,0,0,0,0,18,0,0,0,0,0,0,0,0,0,0
"ASV842","Bacteria","Actinobacteriota","Actinobacteria","Micrococcales","Promicromonosporaceae","Cellulosimicrobium",0,0,0,0,0,0,0,0,0,0,0,0,0,0,0,0,0,0,0,18,0,0,0,0,0,0,0,0,0
"ASV843","Bacteria","Firmicutes","Bacilli","Lactobacillales","Lactobacillaceae","Lactobacillus",0,0,0,0,0,0,0,0,0,0,0,0,0,0,0,0,0,0,0,18,0,0,0,0,0,0,0,0,0
"ASV844","Bacteria","Actinobacteriota","Actinobacteria","Micrococcales","Microbacteriaceae","Microbacterium",0,0,0,0,17,0,0,0,0,0,0,0,0,0,0,0,0,0,0,0,0,0,0,0,0,0,0,0,0
"ASV845","Bacteria","Proteobacteria","Alphaproteobacteria","Sphingomonadales","Sphingomonadaceae","Novosphingobium",0,0,0,0,17,0,0,0,0,0,0,0,0,0,0,0,0,0,0,0,0,0,0,0,0,0,0,0,0
"ASV846","Bacteria","Proteobacteria","Gammaproteobacteria","Enterobacterales","Yersiniaceae","Serratia",0,0,0,0,17,0,0,0,0,0,0,0,0,0,0,0,0,0,0,0,0,0,0,0,0,0,0,0,0
"ASV847","Bacteria","Actinobacteriota","Actinobacteria","Micrococcales","Brevibacteriaceae","Brevibacterium",0,0,0,0,0,0,0,0,0,0,0,0,0,0,0,0,6,0,2,9,0,0,0,0,0,0,0,0,0
"ASV848","Bacteria","Proteobacteria","Gammaproteobacteria","Enterobacterales","Pectobacteriaceae","Pectobacterium",0,0,0,0,0,0,0,0,0,0,0,0,0,0,0,0,0,0,0,0,0,17,0,0,0,0,0,0,0
"ASV849","Bacteria","Bacteroidota","Bacteroidia","Flavobacteriales","Weeksellaceae","Chryseobacterium",0,0,0,0,0,0,0,0,0,0,0,0,0,0,0,0,0,0,0,0,0,0,0,0,0,0,17,0,0
"ASV850","Bacteria","Proteobacteria","Gammaproteobacteria","Burkholderiales","Alcaligenaceae","Achromobacter",0,0,0,0,0,0,0,0,0,0,0,0,0,0,0,0,0,0,0,0,0,0,0,0,0,0,0,17,0
"ASV851","Bacteria","Firmicutes","Bacilli","Lactobacillales","Lactobacillaceae","Lactobacillus",0,0,0,0,0,0,0,0,0,0,0,0,0,0,0,0,0,0,0,0,0,0,0,0,0,0,0,17,0
"ASV852","Bacteria","Bacteroidota","Bacteroidia","Flavobacteriales","Weeksellaceae","Chryseobacterium",0,0,0,0,16,0,0,0,0,0,0,0,0,0,0,0,0,0,0,0,0,0,0,0,0,0,0,0,0
"ASV853","Archaea","Halobacterota","Halobacteria","Halobacterales","Halomicrobiaceae",NA,0,0,0,0,16,0,0,0,0,0,0,0,0,0,0,0,0,0,0,0,0,0,0,0,0,0,0,0,0
"ASV854","Bacteria","Bacteroidota","Bacteroidia","Sphingobacteriales","Sphingobacteriaceae","Sphingobacterium",0,0,0,0,16,0,0,0,0,0,0,0,0,0,0,0,0,0,0,0,0,0,0,0,0,0,0,0,0
"ASV855","Bacteria","Bacteroidota","Bacteroidia","Cytophagales","Hymenobacteraceae","Hymenobacter",0,0,0,0,16,0,0,0,0,0,0,0,0,0,0,0,0,0,0,0,0,0,0,0,0,0,0,0,0
"ASV856","Bacteria","Proteobacteria","Gammaproteobacteria","Enterobacterales","Enterobacteriaceae",NA,0,0,0,0,0,0,0,0,0,0,0,0,0,0,0,0,0,0,0,0,0,0,0,0,0,0,0,0,16
"ASV857","Bacteria","Proteobacteria","Gammaproteobacteria","Pseudomonadales","Pseudomonadaceae","Pseudomonas",0,0,0,0,0,0,0,0,0,0,0,0,0,0,0,0,0,0,0,0,0,0,0,0,0,0,0,0,16
"ASV859","Bacteria","Proteobacteria","Gammaproteobacteria","Nitrococcales","Nitrococcaceae","Aquisalimonas",0,0,0,0,15,0,0,0,0,0,0,0,0,0,0,0,0,0,0,0,0,0,0,0,0,0,0,0,0
"ASV860","Bacteria","Proteobacteria","Gammaproteobacteria","Pseudomonadales","Moraxellaceae","Acinetobacter",0,0,0,0,15,0,0,0,0,0,0,0,0,0,0,0,0,0,0,0,0,0,0,0,0,0,0,0,0
"ASV861","Bacteria","Proteobacteria","Gammaproteobacteria","Burkholderiales","Comamonadaceae",NA,0,0,0,0,15,0,0,0,0,0,0,0,0,0,0,0,0,0,0,0,0,0,0,0,0,0,0,0,0
"ASV862","Bacteria","Proteobacteria","Alphaproteobacteria","Caulobacterales","Caulobacteraceae","Brevundimonas",0,0,0,0,0,0,0,0,0,0,0,0,0,2,0,2,0,5,0,6,0,0,0,0,0,0,0,0,0
"ASV863","Bacteria","Firmicutes","Bacilli","Paenibacillales","Paenibacillaceae","Saccharibacillus",0,0,0,0,0,0,0,0,0,0,0,0,0,0,0,0,15,0,0,0,0,0,0,0,0,0,0,0,0
"ASV864","Bacteria","Proteobacteria","Gammaproteobacteria","Enterobacterales","Enterobacteriaceae",NA,0,0,0,0,0,0,0,0,0,0,0,0,0,0,0,0,0,15,0,0,0,0,0,0,0,0,0,0,0
"ASV865","Bacteria","Proteobacteria","Gammaproteobacteria","Enterobacterales","Erwiniaceae","Pantoea",0,0,0,0,0,0,0,0,0,0,0,0,0,0,0,0,0,15,0,0,0,0,0,0,0,0,0,0,0
"ASV866","Bacteria","Firmicutes","Bacilli","Staphylococcales","Staphylococcaceae","Staphylococcus",0,0,0,0,0,0,0,0,0,0,0,0,0,0,0,0,0,0,0,0,0,0,0,0,0,0,15,0,0
"ASV867","Bacteria","Firmicutes","Bacilli","Lactobacillales","Leuconostocaceae","Weissella",0,0,0,0,0,0,0,0,0,0,0,0,0,0,0,0,0,0,0,0,0,0,0,0,0,0,0,15,0
"ASV868","Bacteria","Firmicutes","Bacilli","Bacillales","Planococcaceae","Lysinibacillus",14,0,0,0,0,0,0,0,0,0,0,0,0,0,0,0,0,0,0,0,0,0,0,0,0,0,0,0,0
"ASV869","Bacteria","Proteobacteria","Gammaproteobacteria","Pseudomonadales","Moraxellaceae","Acinetobacter",0,0,14,0,0,0,0,0,0,0,0,0,0,0,0,0,0,0,0,0,0,0,0,0,0,0,0,0,0
"ASV870","Bacteria","Proteobacteria","Gammaproteobacteria","Burkholderiales","Oxalobacteraceae","Duganella",0,0,0,0,14,0,0,0,0,0,0,0,0,0,0,0,0,0,0,0,0,0,0,0,0,0,0,0,0
"ASV871","Bacteria","Proteobacteria","Alphaproteobacteria","Rhodobacterales","Rhodobacteraceae","Paracoccus",0,0,0,0,0,0,0,0,0,0,0,14,0,0,0,0,0,0,0,0,0,0,0,0,0,0,0,0,0
"ASV872","Bacteria","Proteobacteria","Gammaproteobacteria","Enterobacterales","Yersiniaceae","Serratia",0,0,0,0,0,0,0,0,0,0,0,0,0,0,0,0,0,14,0,0,0,0,0,0,0,0,0,0,0
"ASV873","Bacteria","Firmicutes","Bacilli","Paenibacillales","Paenibacillaceae","Saccharibacillus",0,0,0,0,0,0,0,0,0,0,0,0,0,0,0,0,0,0,0,0,0,0,14,0,0,0,0,0,0
"ASV874","Bacteria","Firmicutes","Bacilli","Lactobacillales","Leuconostocaceae","Leuconostoc",0,0,0,0,0,0,0,0,0,0,0,0,0,0,0,0,0,0,0,0,0,0,0,14,0,0,0,0,0
"ASV875","Bacteria","Firmicutes","Bacilli","Lactobacillales","Leuconostocaceae","Weissella",0,0,0,0,0,0,0,0,0,0,0,0,0,0,0,0,0,0,0,0,0,0,0,0,0,0,0,0,14
"ASV876","Bacteria","Proteobacteria","Gammaproteobacteria","Pseudomonadales","Pseudomonadaceae","Pseudomonas",13,0,0,0,0,0,0,0,0,0,0,0,0,0,0,0,0,0,0,0,0,0,0,0,0,0,0,0,0
"ASV877","Bacteria","Firmicutes","Bacilli","Paenibacillales","Paenibacillaceae","Paenibacillus",0,13,0,0,0,0,0,0,0,0,0,0,0,0,0,0,0,0,0,0,0,0,0,0,0,0,0,0,0
"ASV879","Bacteria","Actinobacteriota","Actinobacteria","Propionibacteriales","Nocardioidaceae","Nocardioides",0,0,0,0,13,0,0,0,0,0,0,0,0,0,0,0,0,0,0,0,0,0,0,0,0,0,0,0,0
"ASV880","Bacteria","Bacteroidota","Bacteroidia","Flavobacteriales","Flavobacteriaceae","Flavobacterium",0,0,0,0,13,0,0,0,0,0,0,0,0,0,0,0,0,0,0,0,0,0,0,0,0,0,0,0,0
"ASV881","Bacteria","Proteobacteria","Alphaproteobacteria","Rhodobacterales","Rhodobacteraceae","Paracoccus",0,0,0,0,0,6,0,0,0,0,0,0,0,0,0,0,0,7,0,0,0,0,0,0,0,0,0,0,0
"ASV882","Bacteria","Proteobacteria","Gammaproteobacteria","Pseudomonadales","Pseudomonadaceae","Pseudomonas",0,0,0,0,0,0,0,0,13,0,0,0,0,0,0,0,0,0,0,0,0,0,0,0,0,0,0,0,0
"ASV883","Bacteria","Proteobacteria","Gammaproteobacteria","Enterobacterales","Yersiniaceae","Rahnella1",0,0,0,0,0,0,0,0,0,0,0,0,0,0,0,0,0,13,0,0,0,0,0,0,0,0,0,0,0
"ASV884","Bacteria","Actinobacteriota","Actinobacteria","Propionibacteriales","Nocardioidaceae","Nocardioides",0,0,0,0,0,0,0,0,0,0,0,0,0,0,0,0,0,13,0,0,0,0,0,0,0,0,0,0,0
"ASV885","Bacteria","Proteobacteria","Gammaproteobacteria","Xanthomonadales","Xanthomonadaceae","Stenotrophomonas",0,0,0,0,0,0,0,0,0,0,0,0,0,0,0,0,0,0,0,0,0,0,0,0,0,0,13,0,0
"ASV886","Bacteria","Firmicutes","Bacilli","Staphylococcales","Staphylococcaceae","Staphylococcus",0,0,0,0,0,0,0,0,0,0,0,0,0,0,0,0,0,0,0,0,0,0,0,0,0,0,13,0,0
"ASV887","Bacteria","Actinobacteriota","Actinobacteria","Corynebacteriales","Corynebacteriaceae","Corynebacterium",0,12,0,0,0,0,0,0,0,0,0,0,0,0,0,0,0,0,0,0,0,0,0,0,0,0,0,0,0
"ASV888","Bacteria","Actinobacteriota","Actinobacteria","Micrococcales","Microbacteriaceae","Agrococcus",0,0,0,0,12,0,0,0,0,0,0,0,0,0,0,0,0,0,0,0,0,0,0,0,0,0,0,0,0
"ASV889","Bacteria","Proteobacteria","Gammaproteobacteria","Burkholderiales","Oxalobacteraceae","Massilia",0,0,0,0,12,0,0,0,0,0,0,0,0,0,0,0,0,0,0,0,0,0,0,0,0,0,0,0,0
"ASV891","Bacteria","Proteobacteria","Gammaproteobacteria","Burkholderiales","Comamonadaceae","Lampropedia",0,0,0,0,0,0,0,0,0,0,0,12,0,0,0,0,0,0,0,0,0,0,0,0,0,0,0,0,0
"ASV892","Bacteria","Proteobacteria","Gammaproteobacteria","Enterobacterales","Enterobacteriaceae","Pluralibacter",0,0,0,0,0,0,0,0,0,0,0,0,12,0,0,0,0,0,0,0,0,0,0,0,0,0,0,0,0
"ASV893","Bacteria","Proteobacteria","Gammaproteobacteria","Enterobacterales","Erwiniaceae",NA,0,0,0,0,0,0,0,0,0,0,0,0,0,0,0,0,0,12,0,0,0,0,0,0,0,0,0,0,0
"ASV894","Bacteria","Bacteroidota","Bacteroidia","Sphingobacteriales","Sphingobacteriaceae","Sphingobacterium",0,0,0,0,0,0,0,0,0,0,0,0,0,0,0,0,0,0,0,0,0,0,0,0,0,0,0,12,0
"ASV895","Bacteria","Firmicutes","Bacilli","Paenibacillales","Paenibacillaceae","Paenibacillus",0,11,0,0,0,0,0,0,0,0,0,0,0,0,0,0,0,0,0,0,0,0,0,0,0,0,0,0,0
"ASV896","Bacteria","Firmicutes","Bacilli","Alicyclobacillales","Alicyclobacillaceae","Tumebacillus",0,11,0,0,0,0,0,0,0,0,0,0,0,0,0,0,0,0,0,0,0,0,0,0,0,0,0,0,0
"ASV897","Bacteria","Actinobacteriota","Actinobacteria","Propionibacteriales","Nocardioidaceae","Nocardioides",0,0,0,0,11,0,0,0,0,0,0,0,0,0,0,0,0,0,0,0,0,0,0,0,0,0,0,0,0
"ASV898","Bacteria","Actinobacteriota","Actinobacteria","Micrococcales","Promicromonosporaceae","Cellulosimicrobium",0,0,0,0,0,0,0,0,0,0,0,11,0,0,0,0,0,0,0,0,0,0,0,0,0,0,0,0,0
"ASV899","Bacteria","Actinobacteriota","Actinobacteria","Micrococcales","Dermabacteraceae","Brachybacterium",0,0,0,0,0,0,0,0,0,0,0,0,0,0,0,0,0,0,6,0,0,5,0,0,0,0,0,0,0
"ASV900","Bacteria","Firmicutes","Bacilli","Lactobacillales","Leuconostocaceae","Weissella",0,0,0,0,0,0,0,0,0,0,0,0,0,0,0,0,0,0,0,0,0,11,0,0,0,0,0,0,0
"ASV901","Bacteria","Firmicutes","Bacilli","Lactobacillales","Enterococcaceae","Enterococcus",0,0,0,0,0,0,0,0,0,0,0,0,0,0,0,0,0,0,0,0,0,0,0,0,11,0,0,0,0
"ASV902","Bacteria","Proteobacteria","Alphaproteobacteria","Rhodobacterales","Rhodobacteraceae","Gemmobacter",0,0,0,0,0,0,0,0,0,0,0,0,0,0,0,0,0,0,0,0,0,0,0,0,0,11,0,0,0
"ASV903","Bacteria","Bacteroidota","Bacteroidia","Flavobacteriales","Weeksellaceae","Elizabethkingia",0,0,0,0,0,0,0,0,0,0,0,0,0,0,0,0,0,0,0,0,0,0,0,0,0,0,11,0,0
"ASV904","Bacteria","Firmicutes","Bacilli","Paenibacillales","Paenibacillaceae","Paenibacillus",0,10,0,0,0,0,0,0,0,0,0,0,0,0,0,0,0,0,0,0,0,0,0,0,0,0,0,0,0
"ASV906","Bacteria","Proteobacteria","Gammaproteobacteria","Burkholderiales","Comamonadaceae","Pseudorhodoferax",0,0,0,0,10,0,0,0,0,0,0,0,0,0,0,0,0,0,0,0,0,0,0,0,0,0,0,0,0
"ASV907","Bacteria","Bacteroidota","Bacteroidia","Cytophagales","Hymenobacteraceae","Hymenobacter",0,0,0,0,10,0,0,0,0,0,0,0,0,0,0,0,0,0,0,0,0,0,0,0,0,0,0,0,0
"ASV908","Bacteria","Bacteroidota","Bacteroidia","Sphingobacteriales","Sphingobacteriaceae","Pedobacter",0,0,0,0,10,0,0,0,0,0,0,0,0,0,0,0,0,0,0,0,0,0,0,0,0,0,0,0,0
"ASV909","Bacteria","Proteobacteria","Alphaproteobacteria","Caulobacterales","Caulobacteraceae","Brevundimonas",0,0,0,0,0,0,0,10,0,0,0,0,0,0,0,0,0,0,0,0,0,0,0,0,0,0,0,0,0
"ASV910","Bacteria","Proteobacteria","Gammaproteobacteria","Burkholderiales","Alcaligenaceae","Achromobacter",0,0,0,0,0,0,0,0,0,0,10,0,0,0,0,0,0,0,0,0,0,0,0,0,0,0,0,0,0
"ASV911","Bacteria","Firmicutes","Bacilli","Paenibacillales","Paenibacillaceae","Saccharibacillus",0,0,0,0,0,0,0,0,0,0,0,0,0,0,0,0,10,0,0,0,0,0,0,0,0,0,0,0,0
"ASV912","Bacteria","Firmicutes","Bacilli","Paenibacillales","Paenibacillaceae","Paenibacillus",9,0,0,0,0,0,0,0,0,0,0,0,0,0,0,0,0,0,0,0,0,0,0,0,0,0,0,0,0
"ASV913","Bacteria","Proteobacteria","Gammaproteobacteria","Oceanospirillales","Halomonadaceae","Halomonas",0,0,0,0,9,0,0,0,0,0,0,0,0,0,0,0,0,0,0,0,0,0,0,0,0,0,0,0,0
"ASV914","Bacteria","Firmicutes","Bacilli","Staphylococcales","Staphylococcaceae","Staphylococcus",0,0,0,0,9,0,0,0,0,0,0,0,0,0,0,0,0,0,0,0,0,0,0,0,0,0,0,0,0
"ASV915","Bacteria","Proteobacteria","Alphaproteobacteria","Sphingomonadales","Sphingomonadaceae","Sphingobium",0,0,0,0,9,0,0,0,0,0,0,0,0,0,0,0,0,0,0,0,0,0,0,0,0,0,0,0,0
"ASV916","Bacteria","Proteobacteria","Gammaproteobacteria","Xanthomonadales","Xanthomonadaceae","Stenotrophomonas",0,0,0,0,0,0,0,0,9,0,0,0,0,0,0,0,0,0,0,0,0,0,0,0,0,0,0,0,0
"ASV917","Bacteria","Bacteroidota","Bacteroidia","Flavobacteriales","Flavobacteriaceae","Flavobacterium",0,0,0,0,0,0,0,0,0,0,0,9,0,0,0,0,0,0,0,0,0,0,0,0,0,0,0,0,0
"ASV918","Bacteria","Proteobacteria","Alphaproteobacteria","Rhodobacterales","Rhodobacteraceae","Gemmobacter",0,0,0,0,0,0,0,0,0,0,0,9,0,0,0,0,0,0,0,0,0,0,0,0,0,0,0,0,0
"ASV919","Bacteria","Firmicutes","Bacilli","Exiguobacterales","Exiguobacteraceae","Exiguobacterium",0,0,0,0,0,0,0,0,0,0,0,0,0,0,0,0,0,0,0,0,0,9,0,0,0,0,0,0,0
"ASV920","Bacteria","Actinobacteriota","Actinobacteria","Corynebacteriales","Corynebacteriaceae","Lawsonella",0,8,0,0,0,0,0,0,0,0,0,0,0,0,0,0,0,0,0,0,0,0,0,0,0,0,0,0,0
"ASV921","Bacteria","Firmicutes","Bacilli","Alicyclobacillales","Alicyclobacillaceae","Tumebacillus",0,8,0,0,0,0,0,0,0,0,0,0,0,0,0,0,0,0,0,0,0,0,0,0,0,0,0,0,0
"ASV922","Bacteria","Proteobacteria","Gammaproteobacteria","Xanthomonadales","Xanthomonadaceae","Stenotrophomonas",0,8,0,0,0,0,0,0,0,0,0,0,0,0,0,0,0,0,0,0,0,0,0,0,0,0,0,0,0
"ASV923","Bacteria","Firmicutes","Bacilli","Staphylococcales","Staphylococcaceae","Staphylococcus",0,0,0,0,0,0,0,0,8,0,0,0,0,0,0,0,0,0,0,0,0,0,0,0,0,0,0,0,0
"ASV924","Bacteria","Bacteroidota","Bacteroidia","Sphingobacteriales","Sphingobacteriaceae","Sphingobacterium",0,0,0,0,0,0,0,0,0,8,0,0,0,0,0,0,0,0,0,0,0,0,0,0,0,0,0,0,0
"ASV925","Bacteria","Actinobacteriota","Actinobacteria","Micrococcales","Micrococcaceae","Pseudarthrobacter",0,0,0,0,0,0,0,0,0,0,0,0,0,0,8,0,0,0,0,0,0,0,0,0,0,0,0,0,0
"ASV926","Bacteria","Firmicutes","Bacilli","Paenibacillales","Paenibacillaceae","Saccharibacillus",0,0,0,0,0,0,0,0,0,0,0,0,0,0,0,0,0,8,0,0,0,0,0,0,0,0,0,0,0
"ASV927","Bacteria","Firmicutes","Bacilli","Lactobacillales","Streptococcaceae","Floricoccus",0,0,0,0,0,0,0,0,0,0,0,0,0,0,0,0,0,0,0,0,0,0,0,8,0,0,0,0,0
"ASV928","Bacteria","Bacteroidota","Bacteroidia","Flavobacteriales","Weeksellaceae","Empedobacter",0,0,0,0,0,0,0,0,0,0,0,0,0,0,0,0,0,0,0,0,0,0,0,0,0,8,0,0,0
"ASV929","Bacteria","Actinobacteriota","Actinobacteria","Micrococcales","Sanguibacteraceae","Sanguibacter",0,0,0,0,0,0,0,0,0,0,0,0,0,0,0,0,0,0,0,0,0,0,0,0,0,8,0,0,0
"ASV931","Bacteria","Proteobacteria","Gammaproteobacteria","Enterobacterales","Yersiniaceae","Yersinia",0,0,0,0,0,0,0,0,0,0,0,0,0,0,0,0,0,0,0,0,0,0,0,0,0,0,0,0,8
"ASV932","Bacteria","Firmicutes","Bacilli","Paenibacillales","Paenibacillaceae","Paenibacillus",0,7,0,0,0,0,0,0,0,0,0,0,0,0,0,0,0,0,0,0,0,0,0,0,0,0,0,0,0
"ASV934","Bacteria","Proteobacteria","Gammaproteobacteria","Enterobacterales","Yersiniaceae","Yersinia",0,0,0,0,0,0,0,0,0,0,0,7,0,0,0,0,0,0,0,0,0,0,0,0,0,0,0,0,0
"ASV935","Bacteria","Proteobacteria","Gammaproteobacteria","Burkholderiales","Comamonadaceae",NA,0,0,0,0,0,0,0,0,0,0,0,0,7,0,0,0,0,0,0,0,0,0,0,0,0,0,0,0,0
"ASV936","Bacteria","Actinobacteriota","Actinobacteria","Propionibacteriales","Nocardioidaceae","Nocardioides",0,0,0,0,0,0,0,0,0,0,0,0,0,0,7,0,0,0,0,0,0,0,0,0,0,0,0,0,0
"ASV937","Bacteria","Actinobacteriota","Actinobacteria","Micrococcales","Intrasporangiaceae","Janibacter",0,0,0,0,0,0,0,0,0,0,0,0,0,0,0,0,0,0,0,7,0,0,0,0,0,0,0,0,0
"ASV939","Bacteria","Actinobacteriota","Actinobacteria","Micrococcales","Micrococcaceae","Glutamicibacter",0,0,0,0,0,0,0,0,0,0,0,0,0,0,0,0,0,0,0,0,0,7,0,0,0,0,0,0,0
"ASV940","Bacteria","Proteobacteria","Gammaproteobacteria","Pseudomonadales","Moraxellaceae","Acinetobacter",0,0,0,0,0,0,0,0,0,0,0,0,0,0,0,0,0,0,0,0,0,0,0,7,0,0,0,0,0
"ASV941","Bacteria","Actinobacteriota","Actinobacteria","Micrococcales","Brevibacteriaceae","Brevibacterium",0,0,0,0,0,0,0,0,0,0,0,0,0,0,0,0,0,0,0,0,0,0,0,0,0,0,7,0,0
"ASV942","Bacteria","Firmicutes","Bacilli","Lactobacillales","Lactobacillaceae","Pediococcus",0,0,0,0,0,0,0,0,0,0,0,0,0,0,0,0,0,0,0,0,0,0,0,0,0,0,0,7,0
"ASV943","Bacteria","Firmicutes","Bacilli","Alicyclobacillales","Alicyclobacillaceae","Tumebacillus",6,0,0,0,0,0,0,0,0,0,0,0,0,0,0,0,0,0,0,0,0,0,0,0,0,0,0,0,0
"ASV944","Bacteria","Firmicutes","Clostridia","Clostridiales","Clostridiaceae","Clostridium_sensu_stricto_8",0,6,0,0,0,0,0,0,0,0,0,0,0,0,0,0,0,0,0,0,0,0,0,0,0,0,0,0,0
"ASV945","Bacteria","Actinobacteriota","Actinobacteria","Kineosporiales","Kineosporiaceae","Quadrisphaera",0,6,0,0,0,0,0,0,0,0,0,0,0,0,0,0,0,0,0,0,0,0,0,0,0,0,0,0,0
"ASV946","Bacteria","Firmicutes","Limnochordia","Limnochordia_or","Limnochordia_fa","Hydrogenispora",0,6,0,0,0,0,0,0,0,0,0,0,0,0,0,0,0,0,0,0,0,0,0,0,0,0,0,0,0
"ASV947","Archaea","Halobacterota","Halobacteria","Halobacterales","Halomicrobiaceae","Halomicrobium",0,0,6,0,0,0,0,0,0,0,0,0,0,0,0,0,0,0,0,0,0,0,0,0,0,0,0,0,0
"ASV948","Bacteria","Firmicutes","Bacilli","Lactobacillales","Leuconostocaceae","Weissella",0,0,6,0,0,0,0,0,0,0,0,0,0,0,0,0,0,0,0,0,0,0,0,0,0,0,0,0,0
"ASV949","Bacteria","Actinobacteriota","Actinobacteria","Micrococcales","Micrococcaceae","Kocuria",0,0,0,0,6,0,0,0,0,0,0,0,0,0,0,0,0,0,0,0,0,0,0,0,0,0,0,0,0
"ASV950","Bacteria","Proteobacteria","Alphaproteobacteria","Rhizobiales","Rhizobiaceae","Allorhizobium-Neorhizobium-Pararhizobium-Rhizobium",0,0,0,0,4,0,0,0,0,0,0,0,0,0,0,0,0,0,0,0,2,0,0,0,0,0,0,0,0
"ASV952","Bacteria","Proteobacteria","Alphaproteobacteria","Rhodobacterales","Rhodobacteraceae","Defluviimonas",0,0,0,0,0,0,0,0,0,0,0,6,0,0,0,0,0,0,0,0,0,0,0,0,0,0,0,0,0
"ASV954","Bacteria","Proteobacteria","Gammaproteobacteria","Pseudomonadales","Pseudomonadaceae","Pseudomonas",0,0,0,0,0,0,0,0,0,0,0,0,0,0,0,0,0,0,6,0,0,0,0,0,0,0,0,0,0
"ASV955","Bacteria","Proteobacteria","Gammaproteobacteria","Burkholderiales","Comamonadaceae","Comamonas",0,0,0,0,0,0,0,0,0,0,0,0,0,0,0,0,0,0,0,6,0,0,0,0,0,0,0,0,0
"ASV958","Bacteria","Proteobacteria","Gammaproteobacteria","Pseudomonadales","Moraxellaceae","Acinetobacter",0,0,0,0,0,0,0,0,0,0,0,0,0,0,0,0,0,0,0,0,0,0,0,6,0,0,0,0,0
"ASV959","Bacteria","Firmicutes","Bacilli","Paenibacillales","Paenibacillaceae","Saccharibacillus",0,0,0,0,0,0,0,0,0,0,0,0,0,0,0,0,0,0,0,0,0,0,0,6,0,0,0,0,0
"ASV960","Bacteria","Bacteroidota","Bacteroidia","Flavobacteriales","Flavobacteriaceae","Flavobacterium",0,0,0,0,0,0,0,0,0,0,0,0,0,0,0,0,0,0,0,0,0,0,0,0,6,0,0,0,0
"ASV961","Bacteria","Firmicutes","Bacilli","Bacillales","Bacillaceae","Bacillus",0,0,0,0,0,0,0,0,0,0,0,0,0,0,0,0,0,0,0,0,0,0,0,0,6,0,0,0,0
"ASV962","Bacteria","Proteobacteria","Gammaproteobacteria","Pseudomonadales","Pseudomonadaceae","Pseudomonas",0,0,0,0,0,0,0,0,0,0,0,0,0,0,0,0,0,0,0,0,0,0,0,0,0,6,0,0,0
"ASV963","Bacteria","Firmicutes","Bacilli","Paenibacillales","Paenibacillaceae","Paenibacillus",0,5,0,0,0,0,0,0,0,0,0,0,0,0,0,0,0,0,0,0,0,0,0,0,0,0,0,0,0
"ASV964","Bacteria","Actinobacteriota","Actinobacteria","Micrococcales","Micrococcaceae","Micrococcus",0,5,0,0,0,0,0,0,0,0,0,0,0,0,0,0,0,0,0,0,0,0,0,0,0,0,0,0,0
"ASV965","Bacteria","Actinobacteriota","Actinobacteria","Corynebacteriales","Corynebacteriaceae","Corynebacterium",0,0,5,0,0,0,0,0,0,0,0,0,0,0,0,0,0,0,0,0,0,0,0,0,0,0,0,0,0
"ASV966","Archaea","Halobacterota","Halobacteria","Halobacterales","Haloferacaceae","Halonotius",0,0,0,0,5,0,0,0,0,0,0,0,0,0,0,0,0,0,0,0,0,0,0,0,0,0,0,0,0
"ASV967","Bacteria","Bacteroidota","Bacteroidia","Flavobacteriales","Weeksellaceae","Chryseobacterium",0,0,0,0,5,0,0,0,0,0,0,0,0,0,0,0,0,0,0,0,0,0,0,0,0,0,0,0,0
"ASV968","Bacteria","Firmicutes","Bacilli","Bacillales","Bacillaceae",NA,0,0,0,0,0,5,0,0,0,0,0,0,0,0,0,0,0,0,0,0,0,0,0,0,0,0,0,0,0
"ASV969","Bacteria","Proteobacteria","Alphaproteobacteria","Rhizobiales","Rhizobiaceae","Neorhizobium",0,0,0,0,0,0,0,5,0,0,0,0,0,0,0,0,0,0,0,0,0,0,0,0,0,0,0,0,0
"ASV971","Bacteria","Firmicutes","Bacilli","Lactobacillales","Streptococcaceae","Streptococcus",0,0,0,0,0,0,0,0,0,0,5,0,0,0,0,0,0,0,0,0,0,0,0,0,0,0,0,0,0
"ASV973","Bacteria","Proteobacteria","Gammaproteobacteria","Pseudomonadales","Pseudomonadaceae",NA,0,0,0,0,0,0,0,0,0,0,0,0,5,0,0,0,0,0,0,0,0,0,0,0,0,0,0,0,0
"ASV974","Bacteria","Proteobacteria","Alphaproteobacteria","Rhizobiales","Beijerinckiaceae","Methylobacterium-Methylorubrum",0,0,0,0,0,0,0,0,0,0,0,0,0,0,0,0,5,0,0,0,0,0,0,0,0,0,0,0,0
"ASV975","Bacteria","Firmicutes","Bacilli","Paenibacillales","Paenibacillaceae","Paenibacillus",0,0,0,0,0,0,0,0,0,0,0,0,0,0,0,0,5,0,0,0,0,0,0,0,0,0,0,0,0
"ASV976","Bacteria","Actinobacteriota","Actinobacteria","Micrococcales","Micrococcaceae","Paenarthrobacter",0,0,0,0,0,0,0,0,0,0,0,0,0,0,0,0,0,5,0,0,0,0,0,0,0,0,0,0,0
"ASV977","Bacteria","Actinobacteriota","Actinobacteria","Frankiales","Geodermatophilaceae","Klenkia",0,0,0,0,0,0,0,0,0,0,0,0,0,0,0,0,0,5,0,0,0,0,0,0,0,0,0,0,0
"ASV978","Bacteria","Proteobacteria","Gammaproteobacteria","Xanthomonadales","Xanthomonadaceae","SN8",0,0,0,0,0,0,0,0,0,0,0,0,0,0,0,0,0,0,0,5,0,0,0,0,0,0,0,0,0
"ASV979","Bacteria","Actinobacteriota","Actinobacteria","Propionibacteriales","Nocardioidaceae","Aeromicrobium",0,0,0,0,0,0,0,0,0,0,0,0,0,0,0,0,0,0,0,5,0,0,0,0,0,0,0,0,0
"ASV980","Bacteria","Proteobacteria","Gammaproteobacteria","Pseudomonadales","Moraxellaceae","Acinetobacter",0,0,0,0,0,0,0,0,0,0,0,0,0,0,0,0,0,0,0,0,0,5,0,0,0,0,0,0,0
"ASV981","Bacteria","Firmicutes","Bacilli","Lactobacillales","Lactobacillaceae","Pediococcus",0,0,0,0,0,0,0,0,0,0,0,0,0,0,0,0,0,0,0,0,0,0,5,0,0,0,0,0,0
"ASV982","Bacteria","Actinobacteriota","Actinobacteria","Micrococcales","Sanguibacteraceae","Sanguibacter",0,0,0,0,0,0,0,0,0,0,0,0,0,0,0,0,0,0,0,0,0,0,0,0,5,0,0,0,0
"ASV983","Bacteria","Bacteroidota","Bacteroidia","Sphingobacteriales","Sphingobacteriaceae","Sphingobacterium",0,0,0,0,0,0,0,0,0,0,0,0,0,0,0,0,0,0,0,0,0,0,0,0,0,5,0,0,0
"ASV984","Bacteria","Actinobacteriota","Actinobacteria","Micrococcales","Dermabacteraceae","Brachybacterium",0,0,0,0,0,0,0,0,0,0,0,0,0,0,0,0,0,0,0,0,0,0,0,0,0,0,5,0,0
"ASV985","Bacteria","Actinobacteriota","Actinobacteria","Micrococcales","Microbacteriaceae",NA,0,0,0,0,0,0,0,0,0,0,0,0,0,0,0,0,0,0,0,0,0,0,0,0,0,0,5,0,0
"ASV987","Bacteria","Proteobacteria","Gammaproteobacteria","Burkholderiales","Comamonadaceae","Comamonas",0,0,0,0,0,0,0,0,0,0,0,0,0,0,0,0,0,0,0,0,0,0,0,0,0,0,0,5,0
"ASV988","Bacteria","Proteobacteria","Gammaproteobacteria","Pseudomonadales","Moraxellaceae","Acinetobacter",0,0,0,0,0,0,0,0,0,0,0,0,0,0,0,0,0,0,0,0,0,0,0,0,0,0,0,0,5
"ASV991","Bacteria","Proteobacteria","Gammaproteobacteria","Pseudomonadales","Moraxellaceae",NA,0,0,0,0,0,4,0,0,0,0,0,0,0,0,0,0,0,0,0,0,0,0,0,0,0,0,0,0,0
"ASV992","Bacteria","Actinobacteriota","Actinobacteria","Propionibacteriales","Nocardioidaceae","Nocardioides",0,0,0,0,0,0,0,4,0,0,0,0,0,0,0,0,0,0,0,0,0,0,0,0,0,0,0,0,0
"ASV993","Bacteria","Proteobacteria","Gammaproteobacteria","Pseudomonadales","Moraxellaceae","Acinetobacter",0,0,0,0,0,0,0,0,4,0,0,0,0,0,0,0,0,0,0,0,0,0,0,0,0,0,0,0,0
"ASV995","Bacteria","Bacteroidota","Bacteroidia","Flavobacteriales","Weeksellaceae","Chryseobacterium",0,0,0,0,0,0,0,0,0,0,4,0,0,0,0,0,0,0,0,0,0,0,0,0,0,0,0,0,0
"ASV996","Bacteria","Proteobacteria","Gammaproteobacteria","Xanthomonadales","Xanthomonadaceae","Stenotrophomonas",0,0,0,0,0,0,0,0,0,0,0,0,4,0,0,0,0,0,0,0,0,0,0,0,0,0,0,0,0
"ASV997","Bacteria","Bacteroidota","Bacteroidia","Sphingobacteriales","Sphingobacteriaceae","Sphingobacterium",0,0,0,0,0,0,0,0,0,0,0,0,0,0,4,0,0,0,0,0,0,0,0,0,0,0,0,0,0
"ASV998","Bacteria","Proteobacteria","Gammaproteobacteria","Burkholderiales","Alcaligenaceae","Parapusillimonas",0,0,0,0,0,0,0,0,0,0,0,0,0,0,0,4,0,0,0,0,0,0,0,0,0,0,0,0,0
"ASV999","Bacteria","Firmicutes","Bacilli","Staphylococcales","Staphylococcaceae","Staphylococcus",0,0,0,0,0,0,0,0,0,0,0,0,0,0,0,4,0,0,0,0,0,0,0,0,0,0,0,0,0
"ASV1000","Bacteria","Proteobacteria","Alphaproteobacteria","Rhizobiales","Rhizobiaceae","Brucella",0,0,0,0,0,0,0,0,0,0,0,0,0,0,0,0,4,0,0,0,0,0,0,0,0,0,0,0,0
"ASV1001","Bacteria","Actinobacteriota","Actinobacteria","Micrococcales","Brevibacteriaceae","Brevibacterium",0,0,0,0,0,0,0,0,0,0,0,0,0,0,0,0,4,0,0,0,0,0,0,0,0,0,0,0,0
"ASV1002","Bacteria","Proteobacteria","Gammaproteobacteria","Enterobacterales","Yersiniaceae","Serratia",0,0,0,0,0,0,0,0,0,0,0,0,0,0,0,0,0,4,0,0,0,0,0,0,0,0,0,0,0
"ASV1003","Bacteria","Proteobacteria","Alphaproteobacteria","Caulobacterales","Caulobacteraceae","Brevundimonas",0,0,0,0,0,0,0,0,0,0,0,0,0,0,0,0,0,0,4,0,0,0,0,0,0,0,0,0,0
"ASV1004","Bacteria","Proteobacteria","Gammaproteobacteria","Burkholderiales","Comamonadaceae","Comamonas",0,0,0,0,0,0,0,0,0,0,0,0,0,0,0,0,0,0,0,0,0,0,0,4,0,0,0,0,0
"ASV1007","Bacteria","Proteobacteria","Gammaproteobacteria","Pseudomonadales","Pseudomonadaceae",NA,0,0,0,0,0,0,0,0,0,0,0,0,0,0,0,0,0,0,0,0,0,0,0,0,0,4,0,0,0
"ASV1008","Bacteria","Firmicutes","Bacilli","Lactobacillales","Carnobacteriaceae",NA,0,0,0,0,0,0,0,0,0,0,0,0,0,0,0,0,0,0,0,0,0,0,0,0,0,0,0,4,0
"ASV1009","Bacteria","Firmicutes","Bacilli","Lactobacillales","Streptococcaceae","Floricoccus",0,0,0,0,0,0,0,0,0,0,0,0,0,0,0,0,0,0,0,0,0,0,0,0,0,0,0,0,4
"ASV1010","Bacteria","Firmicutes","Negativicutes","Veillonellales-Selenomonadales","Sporomusaceae","Anaerosporomusa",0,3,0,0,0,0,0,0,0,0,0,0,0,0,0,0,0,0,0,0,0,0,0,0,0,0,0,0,0
"ASV1011","Bacteria","Firmicutes","Limnochordia","Limnochordales","Limnochordaceae",NA,0,3,0,0,0,0,0,0,0,0,0,0,0,0,0,0,0,0,0,0,0,0,0,0,0,0,0,0,0
"ASV1012","Bacteria","Proteobacteria","Gammaproteobacteria","Pasteurellales","Pasteurellaceae","Haemophilus",0,3,0,0,0,0,0,0,0,0,0,0,0,0,0,0,0,0,0,0,0,0,0,0,0,0,0,0,0
"ASV1013","Bacteria","Firmicutes","Bacilli","Bacillales","Bacillaceae","Bacillus",0,3,0,0,0,0,0,0,0,0,0,0,0,0,0,0,0,0,0,0,0,0,0,0,0,0,0,0,0
"ASV1014","Bacteria","Actinobacteriota","Actinobacteria","Micrococcales","Micrococcaceae","Glutamicibacter",0,0,0,0,3,0,0,0,0,0,0,0,0,0,0,0,0,0,0,0,0,0,0,0,0,0,0,0,0
"ASV1015","Bacteria","Proteobacteria","Gammaproteobacteria","Burkholderiales","Rhodocyclaceae","Dechloromonas",0,0,0,0,3,0,0,0,0,0,0,0,0,0,0,0,0,0,0,0,0,0,0,0,0,0,0,0,0
"ASV1016","Bacteria","Bacteroidota","Bacteroidia","Cytophagales","Hymenobacteraceae","Hymenobacter",0,0,0,0,3,0,0,0,0,0,0,0,0,0,0,0,0,0,0,0,0,0,0,0,0,0,0,0,0
"ASV1017","Archaea","Halobacterota","Halobacteria","Halobacterales","Halomicrobiaceae","Halomicrobium",0,0,0,0,3,0,0,0,0,0,0,0,0,0,0,0,0,0,0,0,0,0,0,0,0,0,0,0,0
"ASV1018","Bacteria","Bacteroidota","Bacteroidia","Cytophagales","Hymenobacteraceae","Adhaeribacter",0,0,0,0,3,0,0,0,0,0,0,0,0,0,0,0,0,0,0,0,0,0,0,0,0,0,0,0,0
"ASV1019","Bacteria","Actinobacteriota","Actinobacteria","Corynebacteriales","Nocardiaceae","Rhodococcus",0,0,0,0,0,0,0,0,3,0,0,0,0,0,0,0,0,0,0,0,0,0,0,0,0,0,0,0,0
"ASV1020","Bacteria","Actinobacteriota","Actinobacteria","Propionibacteriales","Nocardioidaceae","Nocardioides",0,0,0,0,0,0,0,0,3,0,0,0,0,0,0,0,0,0,0,0,0,0,0,0,0,0,0,0,0
"ASV1021","Bacteria","Proteobacteria","Gammaproteobacteria","Pseudomonadales","Pseudomonadaceae","Pseudomonas",0,0,0,0,0,0,0,0,0,3,0,0,0,0,0,0,0,0,0,0,0,0,0,0,0,0,0,0,0
"ASV1022","Bacteria","Proteobacteria","Gammaproteobacteria","Oceanospirillales","Halomonadaceae","Salinicola",0,0,0,0,0,0,0,0,0,0,0,3,0,0,0,0,0,0,0,0,0,0,0,0,0,0,0,0,0
"ASV1023","Bacteria","Proteobacteria","Gammaproteobacteria","Xanthomonadales","Xanthomonadaceae","Stenotrophomonas",0,0,0,0,0,0,0,0,0,0,0,0,3,0,0,0,0,0,0,0,0,0,0,0,0,0,0,0,0
"ASV1024","Bacteria","Proteobacteria","Gammaproteobacteria","Pseudomonadales","Moraxellaceae","Acinetobacter",0,0,0,0,0,0,0,0,0,0,0,0,3,0,0,0,0,0,0,0,0,0,0,0,0,0,0,0,0
"ASV1025","Bacteria","Proteobacteria","Gammaproteobacteria","Xanthomonadales","Xanthomonadaceae","Stenotrophomonas",0,0,0,0,0,0,0,0,0,0,0,0,3,0,0,0,0,0,0,0,0,0,0,0,0,0,0,0,0
"ASV1026","Bacteria","Proteobacteria","Alphaproteobacteria","Sphingomonadales","Sphingomonadaceae",NA,0,0,0,0,0,0,0,0,0,0,0,0,0,0,3,0,0,0,0,0,0,0,0,0,0,0,0,0,0
"ASV1027","Bacteria","Actinobacteriota","Actinobacteria","Micrococcales","Microbacteriaceae","Microbacterium",0,0,0,0,0,0,0,0,0,0,0,0,0,0,3,0,0,0,0,0,0,0,0,0,0,0,0,0,0
"ASV1029","Bacteria","Proteobacteria","Gammaproteobacteria","Pseudomonadales","Pseudomonadaceae","Pseudomonas",0,0,0,0,0,0,0,0,0,0,0,0,0,0,0,0,0,3,0,0,0,0,0,0,0,0,0,0,0
"ASV1030","Bacteria","Proteobacteria","Gammaproteobacteria","Pseudomonadales","Pseudomonadaceae",NA,0,0,0,0,0,0,0,0,0,0,0,0,0,0,0,0,0,3,0,0,0,0,0,0,0,0,0,0,0
"ASV1031","Bacteria","Firmicutes","Bacilli","Exiguobacterales","Exiguobacteraceae","Exiguobacterium",0,0,0,0,0,0,0,0,0,0,0,0,0,0,0,0,0,0,3,0,0,0,0,0,0,0,0,0,0
"ASV1032","Bacteria","Proteobacteria","Alphaproteobacteria","Rhodobacterales","Rhodobacteraceae","Gemmobacter",0,0,0,0,0,0,0,0,0,0,0,0,0,0,0,0,0,0,3,0,0,0,0,0,0,0,0,0,0
"ASV1033","Bacteria","Actinobacteriota","Acidimicrobiia","Microtrichales","Ilumatobacteraceae",NA,0,0,0,0,0,0,0,0,0,0,0,0,0,0,0,0,0,0,0,3,0,0,0,0,0,0,0,0,0
"ASV1035","Bacteria","Proteobacteria","Gammaproteobacteria","Enterobacterales","Enterobacteriaceae","Trabulsiella",0,0,0,0,0,0,0,0,0,0,0,0,0,0,0,0,0,0,0,0,3,0,0,0,0,0,0,0,0
"ASV1036","Bacteria","Proteobacteria","Alphaproteobacteria","Sphingomonadales","Sphingomonadaceae","Sphingomonas",0,0,0,0,0,0,0,0,0,0,0,0,0,0,0,0,0,0,0,0,0,3,0,0,0,0,0,0,0
"ASV1037","Bacteria","Firmicutes","Bacilli","Lactobacillales","Carnobacteriaceae","Isobaculum",0,0,0,0,0,0,0,0,0,0,0,0,0,0,0,0,0,0,0,0,0,3,0,0,0,0,0,0,0
"ASV1038","Bacteria","Proteobacteria","Gammaproteobacteria","Pseudomonadales","Pseudomonadaceae","Azomonas",0,0,0,0,0,0,0,0,0,0,0,0,0,0,0,0,0,0,0,0,0,0,3,0,0,0,0,0,0
"ASV1041","Bacteria","Bacteroidota","Bacteroidia","Flavobacteriales","Flavobacteriaceae","Flavobacterium",0,0,0,0,0,0,0,0,0,0,0,0,0,0,0,0,0,0,0,0,0,0,0,3,0,0,0,0,0
"ASV1042","Bacteria","Firmicutes","Clostridia","Clostridiales","Clostridiaceae","Clostridium_sensu_stricto_1",0,0,0,0,0,0,0,0,0,0,0,0,0,0,0,0,0,0,0,0,0,0,0,0,3,0,0,0,0
"ASV1043","Bacteria","Proteobacteria","Gammaproteobacteria","Aeromonadales","Aeromonadaceae","Aeromonas",0,0,0,0,0,0,0,0,0,0,0,0,0,0,0,0,0,0,0,0,0,0,0,0,0,3,0,0,0
"ASV1044","Bacteria","Proteobacteria","Gammaproteobacteria","Xanthomonadales","Xanthomonadaceae","Stenotrophomonas",0,0,0,0,0,0,0,0,0,0,0,0,0,0,0,0,0,0,0,0,0,0,0,0,0,3,0,0,0
"ASV1045","Bacteria","Firmicutes","Bacilli","Staphylococcales","Staphylococcaceae","Staphylococcus",0,0,0,0,0,0,0,0,0,0,0,0,0,0,0,0,0,0,0,0,0,0,0,0,0,3,0,0,0
"ASV1048","Bacteria","Proteobacteria","Alphaproteobacteria","Rhizobiales","Rhizobiaceae",NA,0,0,2,0,0,0,0,0,0,0,0,0,0,0,0,0,0,0,0,0,0,0,0,0,0,0,0,0,0
"ASV1049","Bacteria","Proteobacteria","Gammaproteobacteria","Pseudomonadales","Moraxellaceae","Acinetobacter",0,0,0,0,0,2,0,0,0,0,0,0,0,0,0,0,0,0,0,0,0,0,0,0,0,0,0,0,0
"ASV1050","Bacteria","Firmicutes","Bacilli","Exiguobacterales","Exiguobacteraceae","Exiguobacterium",0,0,0,0,0,2,0,0,0,0,0,0,0,0,0,0,0,0,0,0,0,0,0,0,0,0,0,0,0
"ASV1051","Bacteria","Firmicutes","Bacilli","Exiguobacterales","Exiguobacteraceae","Exiguobacterium",0,0,0,0,0,2,0,0,0,0,0,0,0,0,0,0,0,0,0,0,0,0,0,0,0,0,0,0,0
"ASV1052","Bacteria","Actinobacteriota","Actinobacteria","Micrococcales","Microbacteriaceae","Microbacterium",0,0,0,0,0,0,2,0,0,0,0,0,0,0,0,0,0,0,0,0,0,0,0,0,0,0,0,0,0
"ASV1053","Bacteria","Proteobacteria","Gammaproteobacteria","Burkholderiales","Alcaligenaceae",NA,0,0,0,0,0,0,0,2,0,0,0,0,0,0,0,0,0,0,0,0,0,0,0,0,0,0,0,0,0
"ASV1054","Bacteria","Proteobacteria","Gammaproteobacteria","Enterobacterales","Pectobacteriaceae","Nissabacter",0,0,0,0,0,0,0,0,2,0,0,0,0,0,0,0,0,0,0,0,0,0,0,0,0,0,0,0,0
"ASV1055","Bacteria","Firmicutes","Bacilli","Thermoactinomycetales","Thermoactinomycetaceae","Thermoactinomyces",0,0,0,0,0,0,0,0,0,2,0,0,0,0,0,0,0,0,0,0,0,0,0,0,0,0,0,0,0
"ASV1056","Bacteria","Proteobacteria","Gammaproteobacteria","Enterobacterales","Enterobacteriaceae",NA,0,0,0,0,0,0,0,0,0,2,0,0,0,0,0,0,0,0,0,0,0,0,0,0,0,0,0,0,0
"ASV1057","Bacteria","Firmicutes","Bacilli","Lactobacillales","Lactobacillaceae","Lactobacillus",0,0,0,0,0,0,0,0,0,0,0,2,0,0,0,0,0,0,0,0,0,0,0,0,0,0,0,0,0
"ASV1058","Bacteria","Actinobacteriota","Actinobacteria","Micrococcales","Microbacteriaceae","Klugiella",0,0,0,0,0,0,0,0,0,0,0,2,0,0,0,0,0,0,0,0,0,0,0,0,0,0,0,0,0
"ASV1059","Bacteria","Proteobacteria","Gammaproteobacteria","Pseudomonadales","Moraxellaceae","Acinetobacter",0,0,0,0,0,0,0,0,0,0,0,0,2,0,0,0,0,0,0,0,0,0,0,0,0,0,0,0,0
"ASV1060","Bacteria","Proteobacteria","Gammaproteobacteria","Xanthomonadales","Xanthomonadaceae","Stenotrophomonas",0,0,0,0,0,0,0,0,0,0,0,0,2,0,0,0,0,0,0,0,0,0,0,0,0,0,0,0,0
"ASV1061","Bacteria","Proteobacteria","Gammaproteobacteria","Xanthomonadales","Xanthomonadaceae",NA,0,0,0,0,0,0,0,0,0,0,0,0,2,0,0,0,0,0,0,0,0,0,0,0,0,0,0,0,0
"ASV1062","Bacteria","Firmicutes","Bacilli","Lactobacillales","Lactobacillaceae",NA,0,0,0,0,0,0,0,0,0,0,0,0,0,0,0,2,0,0,0,0,0,0,0,0,0,0,0,0,0
"ASV1063","Bacteria","Proteobacteria","Gammaproteobacteria","Pseudomonadales","Pseudomonadaceae","Azomonas",0,0,0,0,0,0,0,0,0,0,0,0,0,0,0,0,2,0,0,0,0,0,0,0,0,0,0,0,0
"ASV1064","Bacteria","Firmicutes","Bacilli","Staphylococcales","Staphylococcaceae","Staphylococcus",0,0,0,0,0,0,0,0,0,0,0,0,0,0,0,0,0,2,0,0,0,0,0,0,0,0,0,0,0
"ASV1065","Bacteria","Proteobacteria","Gammaproteobacteria","Pseudomonadales","Pseudomonadaceae","Pseudomonas",0,0,0,0,0,0,0,0,0,0,0,0,0,0,0,0,0,2,0,0,0,0,0,0,0,0,0,0,0
"ASV1066","Bacteria","Bacteroidota","Bacteroidia","Sphingobacteriales","Sphingobacteriaceae","Sphingobacterium",0,0,0,0,0,0,0,0,0,0,0,0,0,0,0,0,0,2,0,0,0,0,0,0,0,0,0,0,0
"ASV1068","Bacteria","Proteobacteria","Alphaproteobacteria","Rhizobiales","Beijerinckiaceae","Bosea",0,0,0,0,0,0,0,0,0,0,0,0,0,0,0,0,0,0,2,0,0,0,0,0,0,0,0,0,0
"ASV1069","Bacteria","Actinobacteriota","Actinobacteria","Micrococcales","Microbacteriaceae",NA,0,0,0,0,0,0,0,0,0,0,0,0,0,0,0,0,0,0,2,0,0,0,0,0,0,0,0,0,0
"ASV1070","Bacteria","Proteobacteria","Gammaproteobacteria","Pseudomonadales","Pseudomonadaceae","Pseudomonas",0,0,0,0,0,0,0,0,0,0,0,0,0,0,0,0,0,0,2,0,0,0,0,0,0,0,0,0,0
"ASV1072","Bacteria","Actinobacteriota","Actinobacteria","Corynebacteriales","Nocardiaceae","Nocardia",0,0,0,0,0,0,0,0,0,0,0,0,0,0,0,0,0,0,0,0,2,0,0,0,0,0,0,0,0
"ASV1073","Bacteria","Actinobacteriota","Actinobacteria","Micrococcales","Microbacteriaceae","Homoserinimonas",0,0,0,0,0,0,0,0,0,0,0,0,0,0,0,0,0,0,0,0,2,0,0,0,0,0,0,0,0
"ASV1074","Bacteria","Proteobacteria","Gammaproteobacteria","Enterobacterales","Yersiniaceae","Samsonia",0,0,0,0,0,0,0,0,0,0,0,0,0,0,0,0,0,0,0,0,0,2,0,0,0,0,0,0,0
"ASV1075","Bacteria","Firmicutes","Bacilli","Lactobacillales","Lactobacillaceae","Lactobacillus",0,0,0,0,0,0,0,0,0,0,0,0,0,0,0,0,0,0,0,0,0,0,2,0,0,0,0,0,0
"ASV1076","Bacteria","Firmicutes","Bacilli","Paenibacillales","Paenibacillaceae","Saccharibacillus",0,0,0,0,0,0,0,0,0,0,0,0,0,0,0,0,0,0,0,0,0,0,2,0,0,0,0,0,0
"ASV1077","Bacteria","Bacteroidota","Bacteroidia","Sphingobacteriales","Sphingobacteriaceae","Sphingobacterium",0,0,0,0,0,0,0,0,0,0,0,0,0,0,0,0,0,0,0,0,0,0,0,2,0,0,0,0,0
"ASV1078","Bacteria","Bacteroidota","Bacteroidia","Flavobacteriales","Weeksellaceae","Empedobacter",0,0,0,0,0,0,0,0,0,0,0,0,0,0,0,0,0,0,0,0,0,0,0,0,2,0,0,0,0
"ASV1080","Bacteria","Proteobacteria","Gammaproteobacteria","Pseudomonadales","Moraxellaceae","Acinetobacter",0,0,0,0,0,0,0,0,0,0,0,0,0,0,0,0,0,0,0,0,0,0,0,0,2,0,0,0,0
"ASV1081","Bacteria","Firmicutes","Clostridia","Clostridiales","Clostridiaceae",NA,0,0,0,0,0,0,0,0,0,0,0,0,0,0,0,0,0,0,0,0,0,0,0,0,2,0,0,0,0
"ASV1082","Bacteria","Firmicutes","Bacilli","Lactobacillales","Streptococcaceae","Floricoccus",0,0,0,0,0,0,0,0,0,0,0,0,0,0,0,0,0,0,0,0,0,0,0,0,0,2,0,0,0
"ASV1083","Bacteria","Bacteroidota","Bacteroidia","Flavobacteriales","Flavobacteriaceae","Flavobacterium",0,0,0,0,0,0,0,0,0,0,0,0,0,0,0,0,0,0,0,0,0,0,0,0,0,2,0,0,0
"ASV1084","Bacteria","Firmicutes","Bacilli","Lactobacillales","Lactobacillaceae","Pediococcus",0,0,0,0,0,0,0,0,0,0,0,0,0,0,0,0,0,0,0,0,0,0,0,0,0,2,0,0,0
"ASV1085","Bacteria","Bacteroidota","Bacteroidia","Flavobacteriales","Weeksellaceae","Soonwooa",0,0,0,0,0,0,0,0,0,0,0,0,0,0,0,0,0,0,0,0,0,0,0,0,0,0,2,0,0
"ASV1086","Bacteria","Firmicutes","Bacilli","Lactobacillales","Carnobacteriaceae","Isobaculum",0,0,0,0,0,0,0,0,0,0,0,0,0,0,0,0,0,0,0,0,0,0,0,0,0,0,2,0,0
"ASV1088","Bacteria","Proteobacteria","Gammaproteobacteria","Xanthomonadales","Xanthomonadaceae","SN8",0,0,0,0,0,0,0,0,0,0,0,0,0,0,0,0,0,0,0,0,0,0,0,0,0,0,0,2,0
"ASV1090","Bacteria","Firmicutes","Bacilli","Bacillales","Planococcaceae","Lysinibacillus",0,0,0,0,0,0,0,0,0,0,0,0,0,0,0,0,0,0,1,0,0,0,0,0,0,0,0,0,0
